id,firstname,lastname,email,email2,profession,salary
100,Lelah,Aida,Lelah.Aida@yopmail.com,Lelah.Aida@gmail.com,firefighter,2589
101,Tarra,Duwalt,Tarra.Duwalt@yopmail.com,Tarra.Duwalt@gmail.com,police officer,2992
102,Josephine,Israeli,Josephine.Israeli@yopmail.com,Josephine.Israeli@gmail.com,firefighter,4695
103,Kristina,Sprage,Kristina.Sprage@yopmail.com,Kristina.Sprage@gmail.com,developer,1580
104,Caressa,Wilona,Caressa.Wilona@yopmail.com,Caressa.Wilona@gmail.com,police officer,1684
105,Kamilah,Publia,Kamilah.Publia@yopmail.com,Kamilah.Publia@gmail.com,firefighter,2024
106,Aili,Uund,Aili.Uund@yopmail.com,Aili.Uund@gmail.com,doctor,2392
107,Dagmar,Seagraves,Dagmar.Seagraves@yopmail.com,Dagmar.Seagraves@gmail.com,doctor,3180
108,Basia,Sibyls,Basia.Sibyls@yopmail.com,Basia.Sibyls@gmail.com,worker,3017
109,Damaris,Friede,Damaris.Friede@yopmail.com,Damaris.Friede@gmail.com,developer,1327
110,Merry,Drisko,Merry.Drisko@yopmail.com,Merry.Drisko@gmail.com,doctor,3136
111,Clementine,Hutchison,Clementine.Hutchison@yopmail.com,Clementine.Hutchison@gmail.com,police officer,2188
112,Sibella,Marlie,Sibella.Marlie@yopmail.com,Sibella.Marlie@gmail.com,worker,3076
113,Dode,Sophronia,Dode.Sophronia@yopmail.com,Dode.Sophronia@gmail.com,police officer,3164
114,Lucy,Berne,Lucy.Berne@yopmail.com,Lucy.Berne@gmail.com,firefighter,3606
115,Dolli,Jess,Dolli.Jess@yopmail.com,Dolli.Jess@gmail.com,developer,2874
116,Sissy,Arathorn,Sissy.Arathorn@yopmail.com,Sissy.Arathorn@gmail.com,developer,1149
117,Nita,McNully,Nita.McNully@yopmail.com,Nita.McNully@gmail.com,worker,3863
118,Adore,Chesna,Adore.Chesna@yopmail.com,Adore.Chesna@gmail.com,worker,3344
119,Rani,Daveta,Rani.Daveta@yopmail.com,Rani.Daveta@gmail.com,worker,2369
120,Ida,Saree,Ida.Saree@yopmail.com,Ida.Saree@gmail.com,developer,4107
121,Joane,Sigfrid,Joane.Sigfrid@yopmail.com,Joane.Sigfrid@gmail.com,worker,4064
122,Kara-Lynn,O'Neill,Kara-Lynn.O'Neill@yopmail.com,Kara-Lynn.O'Neill@gmail.com,developer,3066
123,Gavrielle,Salchunas,Gavrielle.Salchunas@yopmail.com,Gavrielle.Salchunas@gmail.com,doctor,1668
124,Alejandra,Cutlerr,Alejandra.Cutlerr@yopmail.com,Alejandra.Cutlerr@gmail.com,firefighter,3411
125,Marsiella,Yate,Marsiella.Yate@yopmail.com,Marsiella.Yate@gmail.com,firefighter,3024
126,Ardys,Vacuva,Ardys.Vacuva@yopmail.com,Ardys.Vacuva@gmail.com,police officer,3244
127,Lorenza,Joeann,Lorenza.Joeann@yopmail.com,Lorenza.Joeann@gmail.com,developer,2142
128,Alexine,O'Rourke,Alexine.O'Rourke@yopmail.com,Alexine.O'Rourke@gmail.com,police officer,2507
129,Karly,Pyle,Karly.Pyle@yopmail.com,Karly.Pyle@gmail.com,worker,2983
130,Marti,Nerita,Marti.Nerita@yopmail.com,Marti.Nerita@gmail.com,police officer,2455
131,Minne,Meli,Minne.Meli@yopmail.com,Minne.Meli@gmail.com,doctor,3158
132,Mureil,Shirberg,Mureil.Shirberg@yopmail.com,Mureil.Shirberg@gmail.com,firefighter,4365
133,Fidelia,Billye,Fidelia.Billye@yopmail.com,Fidelia.Billye@gmail.com,doctor,4105
134,Alia,Tjon,Alia.Tjon@yopmail.com,Alia.Tjon@gmail.com,doctor,3522
135,Carolina,Johanna,Carolina.Johanna@yopmail.com,Carolina.Johanna@gmail.com,doctor,2969
136,Cam,Mandler,Cam.Mandler@yopmail.com,Cam.Mandler@gmail.com,developer,2771
137,Zondra,Shields,Zondra.Shields@yopmail.com,Zondra.Shields@gmail.com,firefighter,4479
138,Melisent,Silvan,Melisent.Silvan@yopmail.com,Melisent.Silvan@gmail.com,worker,2331
139,Louella,Anyah,Louella.Anyah@yopmail.com,Louella.Anyah@gmail.com,police officer,2983
140,Marleah,Hermes,Marleah.Hermes@yopmail.com,Marleah.Hermes@gmail.com,firefighter,2760
141,Celestyna,Deegan,Celestyna.Deegan@yopmail.com,Celestyna.Deegan@gmail.com,firefighter,4401
142,Leeanne,Zrike,Leeanne.Zrike@yopmail.com,Leeanne.Zrike@gmail.com,doctor,4494
143,Annabela,Jacqui,Annabela.Jacqui@yopmail.com,Annabela.Jacqui@gmail.com,doctor,4539
144,Selia,Auberbach,Selia.Auberbach@yopmail.com,Selia.Auberbach@gmail.com,firefighter,3070
145,Merry,Willie,Merry.Willie@yopmail.com,Merry.Willie@gmail.com,firefighter,2634
146,Josephine,Mullane,Josephine.Mullane@yopmail.com,Josephine.Mullane@gmail.com,firefighter,4897
147,Modestia,Capello,Modestia.Capello@yopmail.com,Modestia.Capello@gmail.com,developer,2211
148,Sibella,Zetta,Sibella.Zetta@yopmail.com,Sibella.Zetta@gmail.com,worker,3180
149,Jasmina,Schenck,Jasmina.Schenck@yopmail.com,Jasmina.Schenck@gmail.com,worker,3994
150,Yetty,Durware,Yetty.Durware@yopmail.com,Yetty.Durware@gmail.com,worker,1401
151,Cyndie,Sparhawk,Cyndie.Sparhawk@yopmail.com,Cyndie.Sparhawk@gmail.com,worker,1472
152,Britni,Niles,Britni.Niles@yopmail.com,Britni.Niles@gmail.com,doctor,2273
153,Priscilla,Ciro,Priscilla.Ciro@yopmail.com,Priscilla.Ciro@gmail.com,doctor,2421
154,Almeta,Gusella,Almeta.Gusella@yopmail.com,Almeta.Gusella@gmail.com,doctor,3878
155,Jerry,Weaks,Jerry.Weaks@yopmail.com,Jerry.Weaks@gmail.com,police officer,1531
156,Karolina,Ietta,Karolina.Ietta@yopmail.com,Karolina.Ietta@gmail.com,firefighter,1278
157,Dulce,Chabot,Dulce.Chabot@yopmail.com,Dulce.Chabot@gmail.com,doctor,2674
158,Kerrin,Cimbura,Kerrin.Cimbura@yopmail.com,Kerrin.Cimbura@gmail.com,police officer,4243
159,Fidelia,Faust,Fidelia.Faust@yopmail.com,Fidelia.Faust@gmail.com,worker,2418
160,Lorenza,Erskine,Lorenza.Erskine@yopmail.com,Lorenza.Erskine@gmail.com,worker,4005
161,Melina,Ball,Melina.Ball@yopmail.com,Melina.Ball@gmail.com,worker,1890
162,Kittie,Junie,Kittie.Junie@yopmail.com,Kittie.Junie@gmail.com,firefighter,1838
163,Liana,Leary,Liana.Leary@yopmail.com,Liana.Leary@gmail.com,firefighter,2042
164,Audrie,Yoko,Audrie.Yoko@yopmail.com,Audrie.Yoko@gmail.com,police officer,3734
165,Verla,Darbie,Verla.Darbie@yopmail.com,Verla.Darbie@gmail.com,developer,2364
166,Norine,Dahlia,Norine.Dahlia@yopmail.com,Norine.Dahlia@gmail.com,doctor,3551
167,Hermione,Naor,Hermione.Naor@yopmail.com,Hermione.Naor@gmail.com,police officer,3778
168,Albertina,Cynar,Albertina.Cynar@yopmail.com,Albertina.Cynar@gmail.com,firefighter,1720
169,Lyssa,Meli,Lyssa.Meli@yopmail.com,Lyssa.Meli@gmail.com,firefighter,1096
170,Joane,Ramona,Joane.Ramona@yopmail.com,Joane.Ramona@gmail.com,doctor,2961
171,Millie,Ulphia,Millie.Ulphia@yopmail.com,Millie.Ulphia@gmail.com,police officer,2963
172,Celestyna,Elsinore,Celestyna.Elsinore@yopmail.com,Celestyna.Elsinore@gmail.com,worker,4830
173,Siana,Gaynor,Siana.Gaynor@yopmail.com,Siana.Gaynor@gmail.com,police officer,2826
174,Lilith,Sheng,Lilith.Sheng@yopmail.com,Lilith.Sheng@gmail.com,police officer,3401
175,Netty,Sherrie,Netty.Sherrie@yopmail.com,Netty.Sherrie@gmail.com,doctor,4215
176,Kristan,Alarise,Kristan.Alarise@yopmail.com,Kristan.Alarise@gmail.com,firefighter,3672
177,Kristina,Standing,Kristina.Standing@yopmail.com,Kristina.Standing@gmail.com,doctor,4191
178,Marnia,Lissi,Marnia.Lissi@yopmail.com,Marnia.Lissi@gmail.com,police officer,2593
179,Vivia,Emerson,Vivia.Emerson@yopmail.com,Vivia.Emerson@gmail.com,doctor,1519
180,Allis,Faust,Allis.Faust@yopmail.com,Allis.Faust@gmail.com,police officer,1417
181,Consuela,Odell,Consuela.Odell@yopmail.com,Consuela.Odell@gmail.com,developer,2489
182,Ardeen,Ventre,Ardeen.Ventre@yopmail.com,Ardeen.Ventre@gmail.com,doctor,2777
183,Tersina,Chabot,Tersina.Chabot@yopmail.com,Tersina.Chabot@gmail.com,developer,4567
184,Gianina,Hylan,Gianina.Hylan@yopmail.com,Gianina.Hylan@gmail.com,firefighter,1112
185,Emmey,Zeeba,Emmey.Zeeba@yopmail.com,Emmey.Zeeba@gmail.com,police officer,1888
186,Misha,Toffic,Misha.Toffic@yopmail.com,Misha.Toffic@gmail.com,doctor,1125
187,Adore,Belldas,Adore.Belldas@yopmail.com,Adore.Belldas@gmail.com,doctor,2092
188,Ilse,Tyson,Ilse.Tyson@yopmail.com,Ilse.Tyson@gmail.com,developer,2918
189,Libbie,Verger,Libbie.Verger@yopmail.com,Libbie.Verger@gmail.com,developer,1409
190,Vanessa,Brian,Vanessa.Brian@yopmail.com,Vanessa.Brian@gmail.com,police officer,4738
191,Dotty,Trinetta,Dotty.Trinetta@yopmail.com,Dotty.Trinetta@gmail.com,police officer,1832
192,Lilith,Glovsky,Lilith.Glovsky@yopmail.com,Lilith.Glovsky@gmail.com,developer,2075
193,Karly,Fontana,Karly.Fontana@yopmail.com,Karly.Fontana@gmail.com,developer,3242
194,Mariann,Zitvaa,Mariann.Zitvaa@yopmail.com,Mariann.Zitvaa@gmail.com,developer,4647
195,Wendi,Hailee,Wendi.Hailee@yopmail.com,Wendi.Hailee@gmail.com,worker,1887
196,Yetty,Jotham,Yetty.Jotham@yopmail.com,Yetty.Jotham@gmail.com,doctor,2262
197,Keelia,Allys,Keelia.Allys@yopmail.com,Keelia.Allys@gmail.com,worker,2695
198,Peri,Duwalt,Peri.Duwalt@yopmail.com,Peri.Duwalt@gmail.com,doctor,2608
199,Johna,Ader,Johna.Ader@yopmail.com,Johna.Ader@gmail.com,doctor,1644
200,Alex,Paine,Alex.Paine@yopmail.com,Alex.Paine@gmail.com,police officer,3530
201,Mellicent,Brittani,Mellicent.Brittani@yopmail.com,Mellicent.Brittani@gmail.com,developer,2372
202,Sharai,Niles,Sharai.Niles@yopmail.com,Sharai.Niles@gmail.com,developer,1892
203,Nannie,Beniamino,Nannie.Beniamino@yopmail.com,Nannie.Beniamino@gmail.com,police officer,4061
204,Tracey,Cleavland,Tracey.Cleavland@yopmail.com,Tracey.Cleavland@gmail.com,doctor,3259
205,Harmonia,Dimitris,Harmonia.Dimitris@yopmail.com,Harmonia.Dimitris@gmail.com,firefighter,2225
206,Joane,Magdalen,Joane.Magdalen@yopmail.com,Joane.Magdalen@gmail.com,police officer,2231
207,Meghann,Halla,Meghann.Halla@yopmail.com,Meghann.Halla@gmail.com,doctor,1483
208,Marline,Johanna,Marline.Johanna@yopmail.com,Marline.Johanna@gmail.com,developer,1317
209,Frank,Uund,Frank.Uund@yopmail.com,Frank.Uund@gmail.com,developer,3133
210,Ronna,Jerald,Ronna.Jerald@yopmail.com,Ronna.Jerald@gmail.com,developer,2395
211,Susette,Talia,Susette.Talia@yopmail.com,Susette.Talia@gmail.com,firefighter,3602
212,Zsa Zsa,Calhoun,Zsa Zsa.Calhoun@yopmail.com,Zsa Zsa.Calhoun@gmail.com,police officer,2867
213,Caryl,Zaslow,Caryl.Zaslow@yopmail.com,Caryl.Zaslow@gmail.com,developer,2130
214,Ermengarde,Kolnick,Ermengarde.Kolnick@yopmail.com,Ermengarde.Kolnick@gmail.com,worker,2277
215,Frank,Charmine,Frank.Charmine@yopmail.com,Frank.Charmine@gmail.com,developer,2642
216,Jolyn,Desai,Jolyn.Desai@yopmail.com,Jolyn.Desai@gmail.com,worker,4850
217,Cyndie,Howlyn,Cyndie.Howlyn@yopmail.com,Cyndie.Howlyn@gmail.com,developer,3149
218,Fayre,Esmaria,Fayre.Esmaria@yopmail.com,Fayre.Esmaria@gmail.com,worker,4045
219,Ashlee,Seagraves,Ashlee.Seagraves@yopmail.com,Ashlee.Seagraves@gmail.com,developer,1261
220,Babita,Merriott,Babita.Merriott@yopmail.com,Babita.Merriott@gmail.com,police officer,4431
221,Bernardine,Vins,Bernardine.Vins@yopmail.com,Bernardine.Vins@gmail.com,worker,1961
222,Augustine,Andrel,Augustine.Andrel@yopmail.com,Augustine.Andrel@gmail.com,developer,3455
223,Arabel,Marsden,Arabel.Marsden@yopmail.com,Arabel.Marsden@gmail.com,police officer,4261
224,Wendi,Laurianne,Wendi.Laurianne@yopmail.com,Wendi.Laurianne@gmail.com,worker,4853
225,Ruthe,Lane,Ruthe.Lane@yopmail.com,Ruthe.Lane@gmail.com,firefighter,4927
226,Trixi,Ashely,Trixi.Ashely@yopmail.com,Trixi.Ashely@gmail.com,firefighter,2962
227,Myriam,Olin,Myriam.Olin@yopmail.com,Myriam.Olin@gmail.com,doctor,4132
228,Margarette,Lasley,Margarette.Lasley@yopmail.com,Margarette.Lasley@gmail.com,firefighter,3482
229,Jany,Carvey,Jany.Carvey@yopmail.com,Jany.Carvey@gmail.com,developer,1614
230,Shannah,Fillbert,Shannah.Fillbert@yopmail.com,Shannah.Fillbert@gmail.com,police officer,4147
231,Dorice,Slifka,Dorice.Slifka@yopmail.com,Dorice.Slifka@gmail.com,doctor,2443
232,Lucille,Zachary,Lucille.Zachary@yopmail.com,Lucille.Zachary@gmail.com,doctor,1870
233,Celisse,Amasa,Celisse.Amasa@yopmail.com,Celisse.Amasa@gmail.com,firefighter,3143
234,Dari,Wildermuth,Dari.Wildermuth@yopmail.com,Dari.Wildermuth@gmail.com,police officer,2631
235,Gwyneth,Erminia,Gwyneth.Erminia@yopmail.com,Gwyneth.Erminia@gmail.com,firefighter,1714
236,Petronia,Olympium,Petronia.Olympium@yopmail.com,Petronia.Olympium@gmail.com,police officer,4144
237,Althea,Dichy,Althea.Dichy@yopmail.com,Althea.Dichy@gmail.com,doctor,4094
238,Tiffie,Hathaway,Tiffie.Hathaway@yopmail.com,Tiffie.Hathaway@gmail.com,firefighter,2417
239,Atlanta,Han,Atlanta.Han@yopmail.com,Atlanta.Han@gmail.com,doctor,2169
240,Alie,Garlinda,Alie.Garlinda@yopmail.com,Alie.Garlinda@gmail.com,developer,4462
241,Olivette,Christine,Olivette.Christine@yopmail.com,Olivette.Christine@gmail.com,firefighter,2319
242,Lulita,Briney,Lulita.Briney@yopmail.com,Lulita.Briney@gmail.com,firefighter,2295
243,Kimmy,Garek,Kimmy.Garek@yopmail.com,Kimmy.Garek@gmail.com,police officer,1745
244,Marsiella,Anderea,Marsiella.Anderea@yopmail.com,Marsiella.Anderea@gmail.com,worker,4501
245,Julieta,Beniamino,Julieta.Beniamino@yopmail.com,Julieta.Beniamino@gmail.com,doctor,3151
246,Lesly,Lareena,Lesly.Lareena@yopmail.com,Lesly.Lareena@gmail.com,developer,4932
247,Magdalena,Alice,Magdalena.Alice@yopmail.com,Magdalena.Alice@gmail.com,worker,2772
248,Arlina,Odell,Arlina.Odell@yopmail.com,Arlina.Odell@gmail.com,worker,3620
249,Hyacinthe,Hamil,Hyacinthe.Hamil@yopmail.com,Hyacinthe.Hamil@gmail.com,developer,3565
250,Cindelyn,Gilbertson,Cindelyn.Gilbertson@yopmail.com,Cindelyn.Gilbertson@gmail.com,developer,2562
251,Bibby,Middleton,Bibby.Middleton@yopmail.com,Bibby.Middleton@gmail.com,worker,2519
252,Daryl,Larochelle,Daryl.Larochelle@yopmail.com,Daryl.Larochelle@gmail.com,police officer,3358
253,Gale,Reneta,Gale.Reneta@yopmail.com,Gale.Reneta@gmail.com,worker,3364
254,Tobe,Strephon,Tobe.Strephon@yopmail.com,Tobe.Strephon@gmail.com,police officer,1812
255,Miquela,Irmine,Miquela.Irmine@yopmail.com,Miquela.Irmine@gmail.com,firefighter,3313
256,Brana,Rozanna,Brana.Rozanna@yopmail.com,Brana.Rozanna@gmail.com,firefighter,2959
257,Ana,Stelle,Ana.Stelle@yopmail.com,Ana.Stelle@gmail.com,police officer,2851
258,Cyb,Dosia,Cyb.Dosia@yopmail.com,Cyb.Dosia@gmail.com,worker,4042
259,Marnia,Sholley,Marnia.Sholley@yopmail.com,Marnia.Sholley@gmail.com,police officer,1636
260,Rosene,Gusella,Rosene.Gusella@yopmail.com,Rosene.Gusella@gmail.com,worker,4383
261,Margarette,Belldas,Margarette.Belldas@yopmail.com,Margarette.Belldas@gmail.com,doctor,2212
262,Darlleen,Hortensia,Darlleen.Hortensia@yopmail.com,Darlleen.Hortensia@gmail.com,developer,1177
263,Cathie,Old,Cathie.Old@yopmail.com,Cathie.Old@gmail.com,police officer,4666
264,Lily,Halsey,Lily.Halsey@yopmail.com,Lily.Halsey@gmail.com,worker,2589
265,Harrietta,Doig,Harrietta.Doig@yopmail.com,Harrietta.Doig@gmail.com,worker,1100
266,Amelia,O'Rourke,Amelia.O'Rourke@yopmail.com,Amelia.O'Rourke@gmail.com,police officer,3090
267,Wanda,Chesna,Wanda.Chesna@yopmail.com,Wanda.Chesna@gmail.com,police officer,1329
268,Janenna,O'Rourke,Janenna.O'Rourke@yopmail.com,Janenna.O'Rourke@gmail.com,developer,3530
269,Tiffie,Erb,Tiffie.Erb@yopmail.com,Tiffie.Erb@gmail.com,worker,3386
270,Inga,Markman,Inga.Markman@yopmail.com,Inga.Markman@gmail.com,doctor,1373
271,Nerta,Zeeba,Nerta.Zeeba@yopmail.com,Nerta.Zeeba@gmail.com,doctor,3158
272,Nyssa,Constancy,Nyssa.Constancy@yopmail.com,Nyssa.Constancy@gmail.com,police officer,2909
273,Devina,Prober,Devina.Prober@yopmail.com,Devina.Prober@gmail.com,police officer,4316
274,Jeanna,Goddard,Jeanna.Goddard@yopmail.com,Jeanna.Goddard@gmail.com,worker,1290
275,Roxane,Pacorro,Roxane.Pacorro@yopmail.com,Roxane.Pacorro@gmail.com,developer,1133
276,Celestyna,Susannah,Celestyna.Susannah@yopmail.com,Celestyna.Susannah@gmail.com,developer,1670
277,Winny,Torray,Winny.Torray@yopmail.com,Winny.Torray@gmail.com,developer,2980
278,Allyce,Armanda,Allyce.Armanda@yopmail.com,Allyce.Armanda@gmail.com,doctor,4819
279,Bernardine,Cordi,Bernardine.Cordi@yopmail.com,Bernardine.Cordi@gmail.com,police officer,1432
280,Brena,Latini,Brena.Latini@yopmail.com,Brena.Latini@gmail.com,worker,1505
281,Tina,Bettine,Tina.Bettine@yopmail.com,Tina.Bettine@gmail.com,doctor,2576
282,Aaren,Holtz,Aaren.Holtz@yopmail.com,Aaren.Holtz@gmail.com,developer,4928
283,Shirlee,Margarete,Shirlee.Margarete@yopmail.com,Shirlee.Margarete@gmail.com,doctor,1015
284,Glynnis,Noman,Glynnis.Noman@yopmail.com,Glynnis.Noman@gmail.com,doctor,3927
285,Elyssa,Koehler,Elyssa.Koehler@yopmail.com,Elyssa.Koehler@gmail.com,firefighter,1577
286,Debee,Pitt,Debee.Pitt@yopmail.com,Debee.Pitt@gmail.com,worker,4247
287,Kary,Pattin,Kary.Pattin@yopmail.com,Kary.Pattin@gmail.com,worker,4489
288,Alyssa,Fiann,Alyssa.Fiann@yopmail.com,Alyssa.Fiann@gmail.com,firefighter,3444
289,Johna,Paton,Johna.Paton@yopmail.com,Johna.Paton@gmail.com,firefighter,2522
290,Shaine,Euridice,Shaine.Euridice@yopmail.com,Shaine.Euridice@gmail.com,police officer,1830
291,Hermione,Westphal,Hermione.Westphal@yopmail.com,Hermione.Westphal@gmail.com,police officer,1056
292,Aigneis,Alva,Aigneis.Alva@yopmail.com,Aigneis.Alva@gmail.com,worker,4846
293,Paule,Colp,Paule.Colp@yopmail.com,Paule.Colp@gmail.com,doctor,2664
294,Corina,Madox,Corina.Madox@yopmail.com,Corina.Madox@gmail.com,worker,2301
295,Amara,Fillbert,Amara.Fillbert@yopmail.com,Amara.Fillbert@gmail.com,police officer,2636
296,Harrietta,Lucienne,Harrietta.Lucienne@yopmail.com,Harrietta.Lucienne@gmail.com,worker,1069
297,Karly,Gahl,Karly.Gahl@yopmail.com,Karly.Gahl@gmail.com,police officer,4974
298,Caressa,Greyson,Caressa.Greyson@yopmail.com,Caressa.Greyson@gmail.com,doctor,2156
299,Dale,Wilona,Dale.Wilona@yopmail.com,Dale.Wilona@gmail.com,firefighter,2169
300,Oralee,Edee,Oralee.Edee@yopmail.com,Oralee.Edee@gmail.com,firefighter,3736
301,Coral,Even,Coral.Even@yopmail.com,Coral.Even@gmail.com,doctor,4382
302,Annabela,Brady,Annabela.Brady@yopmail.com,Annabela.Brady@gmail.com,developer,3032
303,Althea,Percy,Althea.Percy@yopmail.com,Althea.Percy@gmail.com,worker,1974
304,Fina,Rooney,Fina.Rooney@yopmail.com,Fina.Rooney@gmail.com,worker,4308
305,Ayn,Bigner,Ayn.Bigner@yopmail.com,Ayn.Bigner@gmail.com,developer,4078
306,Regina,Travax,Regina.Travax@yopmail.com,Regina.Travax@gmail.com,worker,4441
307,Riannon,Pierette,Riannon.Pierette@yopmail.com,Riannon.Pierette@gmail.com,developer,2663
308,Paule,Dielu,Paule.Dielu@yopmail.com,Paule.Dielu@gmail.com,developer,3503
309,Monika,Anis,Monika.Anis@yopmail.com,Monika.Anis@gmail.com,doctor,1204
310,Kathy,Lamoree,Kathy.Lamoree@yopmail.com,Kathy.Lamoree@gmail.com,worker,1627
311,Meg,Lamoree,Meg.Lamoree@yopmail.com,Meg.Lamoree@gmail.com,firefighter,4210
312,Paulita,Brandice,Paulita.Brandice@yopmail.com,Paulita.Brandice@gmail.com,firefighter,3006
313,Marcelline,Bebe,Marcelline.Bebe@yopmail.com,Marcelline.Bebe@gmail.com,worker,4028
314,Regina,Evvie,Regina.Evvie@yopmail.com,Regina.Evvie@gmail.com,police officer,3913
315,Charmaine,Laverne,Charmaine.Laverne@yopmail.com,Charmaine.Laverne@gmail.com,developer,1651
316,Mady,Daegal,Mady.Daegal@yopmail.com,Mady.Daegal@gmail.com,firefighter,3218
317,Lorenza,Hortensia,Lorenza.Hortensia@yopmail.com,Lorenza.Hortensia@gmail.com,worker,1248
318,Sarette,Revkah,Sarette.Revkah@yopmail.com,Sarette.Revkah@gmail.com,worker,1904
319,Kellen,Giff,Kellen.Giff@yopmail.com,Kellen.Giff@gmail.com,doctor,3280
320,Vivia,Ludewig,Vivia.Ludewig@yopmail.com,Vivia.Ludewig@gmail.com,developer,1810
321,Katuscha,Arathorn,Katuscha.Arathorn@yopmail.com,Katuscha.Arathorn@gmail.com,police officer,3550
322,Lesly,Alice,Lesly.Alice@yopmail.com,Lesly.Alice@gmail.com,worker,1721
323,Clo,Harriman,Clo.Harriman@yopmail.com,Clo.Harriman@gmail.com,firefighter,1437
324,Kayla,Miru,Kayla.Miru@yopmail.com,Kayla.Miru@gmail.com,worker,3544
325,Devina,Rillings,Devina.Rillings@yopmail.com,Devina.Rillings@gmail.com,worker,4406
326,Shel,Seligman,Shel.Seligman@yopmail.com,Shel.Seligman@gmail.com,developer,3877
327,Mignon,Moseley,Mignon.Moseley@yopmail.com,Mignon.Moseley@gmail.com,developer,2045
328,Demetris,Amethist,Demetris.Amethist@yopmail.com,Demetris.Amethist@gmail.com,doctor,3402
329,Corry,Linehan,Corry.Linehan@yopmail.com,Corry.Linehan@gmail.com,doctor,3779
330,Angela,Nahum,Angela.Nahum@yopmail.com,Angela.Nahum@gmail.com,firefighter,1435
331,Maryellen,Gusella,Maryellen.Gusella@yopmail.com,Maryellen.Gusella@gmail.com,developer,1226
332,Georgetta,Kellby,Georgetta.Kellby@yopmail.com,Georgetta.Kellby@gmail.com,police officer,4618
333,Emelina,Friede,Emelina.Friede@yopmail.com,Emelina.Friede@gmail.com,worker,4234
334,Cam,Mayeda,Cam.Mayeda@yopmail.com,Cam.Mayeda@gmail.com,firefighter,3240
335,Chandra,Urias,Chandra.Urias@yopmail.com,Chandra.Urias@gmail.com,worker,3023
336,Marline,Byrne,Marline.Byrne@yopmail.com,Marline.Byrne@gmail.com,doctor,3913
337,Stevana,McAdams,Stevana.McAdams@yopmail.com,Stevana.McAdams@gmail.com,police officer,3638
338,Ginnie,Neils,Ginnie.Neils@yopmail.com,Ginnie.Neils@gmail.com,developer,2904
339,Cristine,Johanna,Cristine.Johanna@yopmail.com,Cristine.Johanna@gmail.com,police officer,2076
340,Cam,Timon,Cam.Timon@yopmail.com,Cam.Timon@gmail.com,police officer,4522
341,Eolanda,Gert,Eolanda.Gert@yopmail.com,Eolanda.Gert@gmail.com,firefighter,3372
342,Goldie,Tyson,Goldie.Tyson@yopmail.com,Goldie.Tyson@gmail.com,developer,3702
343,Catharine,Yerkovich,Catharine.Yerkovich@yopmail.com,Catharine.Yerkovich@gmail.com,doctor,4711
344,Evita,Jammal,Evita.Jammal@yopmail.com,Evita.Jammal@gmail.com,firefighter,1881
345,Meriel,Bury,Meriel.Bury@yopmail.com,Meriel.Bury@gmail.com,police officer,1986
346,Lesly,Brian,Lesly.Brian@yopmail.com,Lesly.Brian@gmail.com,developer,4947
347,Trudie,Adlare,Trudie.Adlare@yopmail.com,Trudie.Adlare@gmail.com,developer,4395
348,Kaja,Erminia,Kaja.Erminia@yopmail.com,Kaja.Erminia@gmail.com,police officer,1408
349,Miquela,Charity,Miquela.Charity@yopmail.com,Miquela.Charity@gmail.com,firefighter,2593
350,Rochette,Riordan,Rochette.Riordan@yopmail.com,Rochette.Riordan@gmail.com,worker,2599
351,Sashenka,Presber,Sashenka.Presber@yopmail.com,Sashenka.Presber@gmail.com,police officer,4773
352,Cathyleen,Cleo,Cathyleen.Cleo@yopmail.com,Cathyleen.Cleo@gmail.com,developer,4449
353,Nananne,Joachim,Nananne.Joachim@yopmail.com,Nananne.Joachim@gmail.com,firefighter,4870
354,Liana,Alva,Liana.Alva@yopmail.com,Liana.Alva@gmail.com,doctor,1594
355,Bill,Ardra,Bill.Ardra@yopmail.com,Bill.Ardra@gmail.com,firefighter,1157
356,Jenilee,Cleo,Jenilee.Cleo@yopmail.com,Jenilee.Cleo@gmail.com,police officer,4252
357,Penelopa,Franza,Penelopa.Franza@yopmail.com,Penelopa.Franza@gmail.com,doctor,3190
358,Melina,Katrine,Melina.Katrine@yopmail.com,Melina.Katrine@gmail.com,doctor,4793
359,Codie,Sibyls,Codie.Sibyls@yopmail.com,Codie.Sibyls@gmail.com,doctor,2480
360,Vevay,Shields,Vevay.Shields@yopmail.com,Vevay.Shields@gmail.com,developer,1463
361,Brena,Saree,Brena.Saree@yopmail.com,Brena.Saree@gmail.com,developer,4724
362,Alameda,Cottle,Alameda.Cottle@yopmail.com,Alameda.Cottle@gmail.com,firefighter,4692
363,Valera,Casimir,Valera.Casimir@yopmail.com,Valera.Casimir@gmail.com,developer,2310
364,Nonnah,Virgin,Nonnah.Virgin@yopmail.com,Nonnah.Virgin@gmail.com,worker,1273
365,Linzy,Ingra,Linzy.Ingra@yopmail.com,Linzy.Ingra@gmail.com,worker,4937
366,Delilah,Remmer,Delilah.Remmer@yopmail.com,Delilah.Remmer@gmail.com,doctor,4177
367,Philis,Edison,Philis.Edison@yopmail.com,Philis.Edison@gmail.com,worker,1546
368,Correy,Annabella,Correy.Annabella@yopmail.com,Correy.Annabella@gmail.com,worker,3214
369,Inga,Colyer,Inga.Colyer@yopmail.com,Inga.Colyer@gmail.com,worker,2466
370,Jillayne,Ader,Jillayne.Ader@yopmail.com,Jillayne.Ader@gmail.com,developer,1255
371,Queenie,Carlson,Queenie.Carlson@yopmail.com,Queenie.Carlson@gmail.com,police officer,1381
372,Alisha,Agle,Alisha.Agle@yopmail.com,Alisha.Agle@gmail.com,worker,3244
373,Genevra,Rubie,Genevra.Rubie@yopmail.com,Genevra.Rubie@gmail.com,firefighter,1345
374,Dianemarie,Ortrude,Dianemarie.Ortrude@yopmail.com,Dianemarie.Ortrude@gmail.com,firefighter,3945
375,Latisha,Hurley,Latisha.Hurley@yopmail.com,Latisha.Hurley@gmail.com,developer,1179
376,Jean,Daveta,Jean.Daveta@yopmail.com,Jean.Daveta@gmail.com,police officer,4156
377,Hettie,Eldrid,Hettie.Eldrid@yopmail.com,Hettie.Eldrid@gmail.com,doctor,4150
378,Allis,Talia,Allis.Talia@yopmail.com,Allis.Talia@gmail.com,doctor,4145
379,Carilyn,Deegan,Carilyn.Deegan@yopmail.com,Carilyn.Deegan@gmail.com,developer,1250
380,Collen,Iiette,Collen.Iiette@yopmail.com,Collen.Iiette@gmail.com,developer,4791
381,Ann-Marie,Flita,Ann-Marie.Flita@yopmail.com,Ann-Marie.Flita@gmail.com,worker,4106
382,Roz,Joseph,Roz.Joseph@yopmail.com,Roz.Joseph@gmail.com,doctor,1025
383,Aurore,Alarise,Aurore.Alarise@yopmail.com,Aurore.Alarise@gmail.com,doctor,1099
384,Winifred,Haerr,Winifred.Haerr@yopmail.com,Winifred.Haerr@gmail.com,worker,1796
385,Frances,Hepsibah,Frances.Hepsibah@yopmail.com,Frances.Hepsibah@gmail.com,worker,2633
386,Kaja,Arley,Kaja.Arley@yopmail.com,Kaja.Arley@gmail.com,firefighter,2395
387,Gavrielle,Adalbert,Gavrielle.Adalbert@yopmail.com,Gavrielle.Adalbert@gmail.com,doctor,4057
388,Kellen,Harl,Kellen.Harl@yopmail.com,Kellen.Harl@gmail.com,firefighter,3535
389,Gaylene,Sawtelle,Gaylene.Sawtelle@yopmail.com,Gaylene.Sawtelle@gmail.com,developer,4784
390,Jinny,Gerge,Jinny.Gerge@yopmail.com,Jinny.Gerge@gmail.com,worker,3025
391,Alisha,Ardra,Alisha.Ardra@yopmail.com,Alisha.Ardra@gmail.com,police officer,1143
392,Bee,Franza,Bee.Franza@yopmail.com,Bee.Franza@gmail.com,worker,1693
393,Lanae,Leler,Lanae.Leler@yopmail.com,Lanae.Leler@gmail.com,worker,4142
394,Binny,Fosque,Binny.Fosque@yopmail.com,Binny.Fosque@gmail.com,worker,1046
395,Selma,Rebecka,Selma.Rebecka@yopmail.com,Selma.Rebecka@gmail.com,worker,4747
396,Marita,Afton,Marita.Afton@yopmail.com,Marita.Afton@gmail.com,developer,1784
397,Aaren,Stover,Aaren.Stover@yopmail.com,Aaren.Stover@gmail.com,firefighter,2805
398,Ricky,Denis,Ricky.Denis@yopmail.com,Ricky.Denis@gmail.com,worker,1108
399,Lanna,Emerson,Lanna.Emerson@yopmail.com,Lanna.Emerson@gmail.com,developer,4194
400,Kerrin,Arley,Kerrin.Arley@yopmail.com,Kerrin.Arley@gmail.com,developer,3694
401,Orsola,Wandie,Orsola.Wandie@yopmail.com,Orsola.Wandie@gmail.com,worker,4293
402,Bobbi,Danby,Bobbi.Danby@yopmail.com,Bobbi.Danby@gmail.com,firefighter,1077
403,Wendi,Zrike,Wendi.Zrike@yopmail.com,Wendi.Zrike@gmail.com,worker,3388
404,Vere,Dreda,Vere.Dreda@yopmail.com,Vere.Dreda@gmail.com,firefighter,1153
405,Lilith,Emmy,Lilith.Emmy@yopmail.com,Lilith.Emmy@gmail.com,police officer,4599
406,Frances,Florina,Frances.Florina@yopmail.com,Frances.Florina@gmail.com,worker,1154
407,Andeee,Wenda,Andeee.Wenda@yopmail.com,Andeee.Wenda@gmail.com,worker,2127
408,Marcy,Bari,Marcy.Bari@yopmail.com,Marcy.Bari@gmail.com,police officer,1494
409,Brena,Elo,Brena.Elo@yopmail.com,Brena.Elo@gmail.com,worker,1000
410,Annice,Adrienne,Annice.Adrienne@yopmail.com,Annice.Adrienne@gmail.com,doctor,3458
411,Brietta,Newell,Brietta.Newell@yopmail.com,Brietta.Newell@gmail.com,firefighter,4511
412,Olivette,Jacobah,Olivette.Jacobah@yopmail.com,Olivette.Jacobah@gmail.com,doctor,3716
413,Jan,Mayeda,Jan.Mayeda@yopmail.com,Jan.Mayeda@gmail.com,doctor,3497
414,Ronna,Melony,Ronna.Melony@yopmail.com,Ronna.Melony@gmail.com,worker,1609
415,Dulcinea,Trace,Dulcinea.Trace@yopmail.com,Dulcinea.Trace@gmail.com,worker,4905
416,Priscilla,Barbey,Priscilla.Barbey@yopmail.com,Priscilla.Barbey@gmail.com,worker,1059
417,Ana,Morgun,Ana.Morgun@yopmail.com,Ana.Morgun@gmail.com,developer,2911
418,Augustine,Ellerey,Augustine.Ellerey@yopmail.com,Augustine.Ellerey@gmail.com,police officer,4495
419,Nanete,Nicoline,Nanete.Nicoline@yopmail.com,Nanete.Nicoline@gmail.com,police officer,4151
420,Lynea,Himelman,Lynea.Himelman@yopmail.com,Lynea.Himelman@gmail.com,doctor,3225
421,Ermengarde,Henebry,Ermengarde.Henebry@yopmail.com,Ermengarde.Henebry@gmail.com,police officer,4924
422,Kenna,Valerio,Kenna.Valerio@yopmail.com,Kenna.Valerio@gmail.com,worker,1038
423,Imojean,Mich,Imojean.Mich@yopmail.com,Imojean.Mich@gmail.com,developer,1820
424,Lesly,Lutero,Lesly.Lutero@yopmail.com,Lesly.Lutero@gmail.com,firefighter,1042
425,Aimil,Sacken,Aimil.Sacken@yopmail.com,Aimil.Sacken@gmail.com,doctor,3609
426,Debee,Kaja,Debee.Kaja@yopmail.com,Debee.Kaja@gmail.com,firefighter,1757
427,Sadie,Rocray,Sadie.Rocray@yopmail.com,Sadie.Rocray@gmail.com,developer,3307
428,Sissy,Meli,Sissy.Meli@yopmail.com,Sissy.Meli@gmail.com,worker,4268
429,Elise,Philoo,Elise.Philoo@yopmail.com,Elise.Philoo@gmail.com,police officer,2731
430,Gilda,Maryanne,Gilda.Maryanne@yopmail.com,Gilda.Maryanne@gmail.com,police officer,3810
431,Kirbee,Daniele,Kirbee.Daniele@yopmail.com,Kirbee.Daniele@gmail.com,worker,4760
432,Angelique,Odell,Angelique.Odell@yopmail.com,Angelique.Odell@gmail.com,doctor,2596
433,Suzette,Breed,Suzette.Breed@yopmail.com,Suzette.Breed@gmail.com,doctor,3169
434,Lynea,Adlare,Lynea.Adlare@yopmail.com,Lynea.Adlare@gmail.com,doctor,4325
435,Dulce,Lunsford,Dulce.Lunsford@yopmail.com,Dulce.Lunsford@gmail.com,worker,2860
436,Veda,Cadmar,Veda.Cadmar@yopmail.com,Veda.Cadmar@gmail.com,police officer,1514
437,Bettine,Lindemann,Bettine.Lindemann@yopmail.com,Bettine.Lindemann@gmail.com,doctor,4410
438,Dode,Skurnik,Dode.Skurnik@yopmail.com,Dode.Skurnik@gmail.com,firefighter,3051
439,Catrina,Rolf,Catrina.Rolf@yopmail.com,Catrina.Rolf@gmail.com,developer,4767
440,Gabi,Santoro,Gabi.Santoro@yopmail.com,Gabi.Santoro@gmail.com,developer,3421
441,Rani,Bendick,Rani.Bendick@yopmail.com,Rani.Bendick@gmail.com,developer,4957
442,Farrah,Roumell,Farrah.Roumell@yopmail.com,Farrah.Roumell@gmail.com,developer,2992
443,Raquela,Konyn,Raquela.Konyn@yopmail.com,Raquela.Konyn@gmail.com,developer,3916
444,Lory,Nance,Lory.Nance@yopmail.com,Lory.Nance@gmail.com,doctor,2542
445,Dawn,Maryanne,Dawn.Maryanne@yopmail.com,Dawn.Maryanne@gmail.com,doctor,2673
446,Babita,Engdahl,Babita.Engdahl@yopmail.com,Babita.Engdahl@gmail.com,doctor,3471
447,Brana,Anestassia,Brana.Anestassia@yopmail.com,Brana.Anestassia@gmail.com,developer,1741
448,Althea,Sheedy,Althea.Sheedy@yopmail.com,Althea.Sheedy@gmail.com,developer,2992
449,Emelina,Joni,Emelina.Joni@yopmail.com,Emelina.Joni@gmail.com,developer,2743
450,Shaylyn,Kamaria,Shaylyn.Kamaria@yopmail.com,Shaylyn.Kamaria@gmail.com,developer,4432
451,Margalo,Bord,Margalo.Bord@yopmail.com,Margalo.Bord@gmail.com,firefighter,4390
452,Ayn,Peti,Ayn.Peti@yopmail.com,Ayn.Peti@gmail.com,firefighter,1941
453,Teddie,Gilmour,Teddie.Gilmour@yopmail.com,Teddie.Gilmour@gmail.com,worker,1912
454,Roz,Garek,Roz.Garek@yopmail.com,Roz.Garek@gmail.com,developer,3751
455,Laurene,Bandeen,Laurene.Bandeen@yopmail.com,Laurene.Bandeen@gmail.com,firefighter,3833
456,Brianna,Constancy,Brianna.Constancy@yopmail.com,Brianna.Constancy@gmail.com,firefighter,1001
457,Fanny,Ader,Fanny.Ader@yopmail.com,Fanny.Ader@gmail.com,firefighter,2493
458,Ira,Hutchison,Ira.Hutchison@yopmail.com,Ira.Hutchison@gmail.com,doctor,3115
459,Glenda,Wu,Glenda.Wu@yopmail.com,Glenda.Wu@gmail.com,firefighter,4821
460,Cissiee,Morgun,Cissiee.Morgun@yopmail.com,Cissiee.Morgun@gmail.com,worker,3395
461,Phylis,Papageno,Phylis.Papageno@yopmail.com,Phylis.Papageno@gmail.com,firefighter,3265
462,Jaclyn,Monk,Jaclyn.Monk@yopmail.com,Jaclyn.Monk@gmail.com,worker,1270
463,Jacquetta,Toor,Jacquetta.Toor@yopmail.com,Jacquetta.Toor@gmail.com,worker,2271
464,Sindee,Ralfston,Sindee.Ralfston@yopmail.com,Sindee.Ralfston@gmail.com,doctor,2857
465,Ellette,Stover,Ellette.Stover@yopmail.com,Ellette.Stover@gmail.com,police officer,2010
466,Gretal,Oriana,Gretal.Oriana@yopmail.com,Gretal.Oriana@gmail.com,worker,1825
467,Shandie,Fontana,Shandie.Fontana@yopmail.com,Shandie.Fontana@gmail.com,firefighter,2339
468,Halette,Girardo,Halette.Girardo@yopmail.com,Halette.Girardo@gmail.com,worker,1742
469,Hallie,Pattin,Hallie.Pattin@yopmail.com,Hallie.Pattin@gmail.com,firefighter,1055
470,Delilah,Lamoree,Delilah.Lamoree@yopmail.com,Delilah.Lamoree@gmail.com,worker,1680
471,Drucie,Pascia,Drucie.Pascia@yopmail.com,Drucie.Pascia@gmail.com,doctor,4288
472,Danika,Quinn,Danika.Quinn@yopmail.com,Danika.Quinn@gmail.com,firefighter,4296
473,Ileana,Adamsen,Ileana.Adamsen@yopmail.com,Ileana.Adamsen@gmail.com,firefighter,4566
474,Marita,Lenny,Marita.Lenny@yopmail.com,Marita.Lenny@gmail.com,firefighter,3841
475,Gaylene,Holtz,Gaylene.Holtz@yopmail.com,Gaylene.Holtz@gmail.com,developer,3762
476,Kaia,Neils,Kaia.Neils@yopmail.com,Kaia.Neils@gmail.com,firefighter,1246
477,Misha,Jammal,Misha.Jammal@yopmail.com,Misha.Jammal@gmail.com,worker,1803
478,Anica,Sherrie,Anica.Sherrie@yopmail.com,Anica.Sherrie@gmail.com,developer,1886
479,Genevra,Trey,Genevra.Trey@yopmail.com,Genevra.Trey@gmail.com,worker,3591
480,Margarette,Oneida,Margarette.Oneida@yopmail.com,Margarette.Oneida@gmail.com,firefighter,3398
481,Drucie,Millda,Drucie.Millda@yopmail.com,Drucie.Millda@gmail.com,doctor,2097
482,Melanie,Munn,Melanie.Munn@yopmail.com,Melanie.Munn@gmail.com,firefighter,3948
483,Susette,Johnsson,Susette.Johnsson@yopmail.com,Susette.Johnsson@gmail.com,doctor,4904
484,Tani,Pyle,Tani.Pyle@yopmail.com,Tani.Pyle@gmail.com,police officer,4882
485,Brynna,Torray,Brynna.Torray@yopmail.com,Brynna.Torray@gmail.com,firefighter,4866
486,Sandie,Kosey,Sandie.Kosey@yopmail.com,Sandie.Kosey@gmail.com,developer,2875
487,Barbi,Joeann,Barbi.Joeann@yopmail.com,Barbi.Joeann@gmail.com,developer,1826
488,Cassandra,Dituri,Cassandra.Dituri@yopmail.com,Cassandra.Dituri@gmail.com,firefighter,3960
489,Fanchon,Fiann,Fanchon.Fiann@yopmail.com,Fanchon.Fiann@gmail.com,police officer,4352
490,Cam,Estella,Cam.Estella@yopmail.com,Cam.Estella@gmail.com,developer,3859
491,Joelly,Vanni,Joelly.Vanni@yopmail.com,Joelly.Vanni@gmail.com,firefighter,4639
492,Concettina,Vorster,Concettina.Vorster@yopmail.com,Concettina.Vorster@gmail.com,developer,3232
493,Cassondra,Hurley,Cassondra.Hurley@yopmail.com,Cassondra.Hurley@gmail.com,worker,2587
494,Michaelina,Ferrell,Michaelina.Ferrell@yopmail.com,Michaelina.Ferrell@gmail.com,doctor,2947
495,Jsandye,Tristram,Jsandye.Tristram@yopmail.com,Jsandye.Tristram@gmail.com,police officer,3465
496,Belinda,Stefa,Belinda.Stefa@yopmail.com,Belinda.Stefa@gmail.com,developer,3466
497,Joelly,Rogerio,Joelly.Rogerio@yopmail.com,Joelly.Rogerio@gmail.com,police officer,1080
498,Gloria,Brian,Gloria.Brian@yopmail.com,Gloria.Brian@gmail.com,developer,1297
499,Sindee,Maurine,Sindee.Maurine@yopmail.com,Sindee.Maurine@gmail.com,firefighter,3340
500,Di,Ovid,Di.Ovid@yopmail.com,Di.Ovid@gmail.com,firefighter,1916
501,Cherrita,Adore,Cherrita.Adore@yopmail.com,Cherrita.Adore@gmail.com,firefighter,4773
502,Eadie,McCutcheon,Eadie.McCutcheon@yopmail.com,Eadie.McCutcheon@gmail.com,worker,2894
503,Patricia,Bryna,Patricia.Bryna@yopmail.com,Patricia.Bryna@gmail.com,police officer,2859
504,Almeta,Atcliffe,Almeta.Atcliffe@yopmail.com,Almeta.Atcliffe@gmail.com,worker,3758
505,Marjie,Matthew,Marjie.Matthew@yopmail.com,Marjie.Matthew@gmail.com,firefighter,5000
506,Andeee,Norrie,Andeee.Norrie@yopmail.com,Andeee.Norrie@gmail.com,developer,2425
507,Linzy,Korey,Linzy.Korey@yopmail.com,Linzy.Korey@gmail.com,firefighter,1283
508,Kimmy,Angelis,Kimmy.Angelis@yopmail.com,Kimmy.Angelis@gmail.com,worker,4847
509,Codie,Willie,Codie.Willie@yopmail.com,Codie.Willie@gmail.com,police officer,1269
510,Gloria,Lalitta,Gloria.Lalitta@yopmail.com,Gloria.Lalitta@gmail.com,police officer,3526
511,Janis,Moina,Janis.Moina@yopmail.com,Janis.Moina@gmail.com,firefighter,3081
512,Binny,Meli,Binny.Meli@yopmail.com,Binny.Meli@gmail.com,worker,1399
513,Corene,Raul,Corene.Raul@yopmail.com,Corene.Raul@gmail.com,doctor,1844
514,Georgetta,Winthorpe,Georgetta.Winthorpe@yopmail.com,Georgetta.Winthorpe@gmail.com,developer,3537
515,Elyssa,Ummersen,Elyssa.Ummersen@yopmail.com,Elyssa.Ummersen@gmail.com,worker,3840
516,Chere,Obed,Chere.Obed@yopmail.com,Chere.Obed@gmail.com,firefighter,2861
517,Cherilyn,Breed,Cherilyn.Breed@yopmail.com,Cherilyn.Breed@gmail.com,police officer,4828
518,Kial,McClimans,Kial.McClimans@yopmail.com,Kial.McClimans@gmail.com,firefighter,4270
519,Carilyn,Duwalt,Carilyn.Duwalt@yopmail.com,Carilyn.Duwalt@gmail.com,police officer,4852
520,Silvana,Heisel,Silvana.Heisel@yopmail.com,Silvana.Heisel@gmail.com,doctor,1159
521,Tersina,Francene,Tersina.Francene@yopmail.com,Tersina.Francene@gmail.com,doctor,2679
522,Meriel,Donell,Meriel.Donell@yopmail.com,Meriel.Donell@gmail.com,doctor,3937
523,Arlina,Raul,Arlina.Raul@yopmail.com,Arlina.Raul@gmail.com,doctor,4191
524,Beth,Shirberg,Beth.Shirberg@yopmail.com,Beth.Shirberg@gmail.com,worker,4221
525,Goldie,Ardeha,Goldie.Ardeha@yopmail.com,Goldie.Ardeha@gmail.com,developer,4624
526,Tami,Vanni,Tami.Vanni@yopmail.com,Tami.Vanni@gmail.com,police officer,3221
527,Corly,Afton,Corly.Afton@yopmail.com,Corly.Afton@gmail.com,developer,1913
528,Kristan,Bury,Kristan.Bury@yopmail.com,Kristan.Bury@gmail.com,developer,4038
529,Xylina,Terencio,Xylina.Terencio@yopmail.com,Xylina.Terencio@gmail.com,developer,2177
530,Dagmar,Casimir,Dagmar.Casimir@yopmail.com,Dagmar.Casimir@gmail.com,firefighter,2402
531,Rochette,Jerold,Rochette.Jerold@yopmail.com,Rochette.Jerold@gmail.com,developer,4191
532,Jeanna,Mata,Jeanna.Mata@yopmail.com,Jeanna.Mata@gmail.com,firefighter,1561
533,Kathi,Tufts,Kathi.Tufts@yopmail.com,Kathi.Tufts@gmail.com,developer,4656
534,Kate,Naor,Kate.Naor@yopmail.com,Kate.Naor@gmail.com,police officer,2525
535,Lucy,Giule,Lucy.Giule@yopmail.com,Lucy.Giule@gmail.com,firefighter,2346
536,Veda,Lail,Veda.Lail@yopmail.com,Veda.Lail@gmail.com,developer,4851
537,Hannis,Maisey,Hannis.Maisey@yopmail.com,Hannis.Maisey@gmail.com,developer,2037
538,Ivett,Viddah,Ivett.Viddah@yopmail.com,Ivett.Viddah@gmail.com,worker,1175
539,Blinni,Brenn,Blinni.Brenn@yopmail.com,Blinni.Brenn@gmail.com,doctor,3453
540,Noelle,Septima,Noelle.Septima@yopmail.com,Noelle.Septima@gmail.com,firefighter,3267
541,Jorry,Henrie,Jorry.Henrie@yopmail.com,Jorry.Henrie@gmail.com,developer,4213
542,Damaris,Rad,Damaris.Rad@yopmail.com,Damaris.Rad@gmail.com,firefighter,2936
543,Wilma,Beniamino,Wilma.Beniamino@yopmail.com,Wilma.Beniamino@gmail.com,police officer,1483
544,Margalo,Rodmann,Margalo.Rodmann@yopmail.com,Margalo.Rodmann@gmail.com,worker,1518
545,Clo,Amand,Clo.Amand@yopmail.com,Clo.Amand@gmail.com,firefighter,1531
546,Atlanta,Susannah,Atlanta.Susannah@yopmail.com,Atlanta.Susannah@gmail.com,firefighter,2181
547,Dulcinea,Rillings,Dulcinea.Rillings@yopmail.com,Dulcinea.Rillings@gmail.com,worker,2232
548,Vivia,Linskey,Vivia.Linskey@yopmail.com,Vivia.Linskey@gmail.com,developer,2286
549,Georgetta,Kendrick,Georgetta.Kendrick@yopmail.com,Georgetta.Kendrick@gmail.com,worker,4508
550,Dotty,Wareing,Dotty.Wareing@yopmail.com,Dotty.Wareing@gmail.com,developer,1575
551,Arlina,Olin,Arlina.Olin@yopmail.com,Arlina.Olin@gmail.com,worker,4208
552,Ketti,Reinke,Ketti.Reinke@yopmail.com,Ketti.Reinke@gmail.com,firefighter,2713
553,Kelly,Emanuel,Kelly.Emanuel@yopmail.com,Kelly.Emanuel@gmail.com,firefighter,2574
554,Augustine,Callista,Augustine.Callista@yopmail.com,Augustine.Callista@gmail.com,worker,1981
555,Nerta,Erich,Nerta.Erich@yopmail.com,Nerta.Erich@gmail.com,developer,4851
556,Marnia,Iaverne,Marnia.Iaverne@yopmail.com,Marnia.Iaverne@gmail.com,doctor,3283
557,Elka,Kannry,Elka.Kannry@yopmail.com,Elka.Kannry@gmail.com,developer,4185
558,Wilma,Cecile,Wilma.Cecile@yopmail.com,Wilma.Cecile@gmail.com,worker,2617
559,Constance,Merell,Constance.Merell@yopmail.com,Constance.Merell@gmail.com,worker,3579
560,Averyl,Fleeta,Averyl.Fleeta@yopmail.com,Averyl.Fleeta@gmail.com,developer,1869
561,Fernande,Thornburg,Fernande.Thornburg@yopmail.com,Fernande.Thornburg@gmail.com,developer,4503
562,Felice,Gale,Felice.Gale@yopmail.com,Felice.Gale@gmail.com,firefighter,3616
563,Cacilie,Sundin,Cacilie.Sundin@yopmail.com,Cacilie.Sundin@gmail.com,firefighter,1576
564,Emma,Sandye,Emma.Sandye@yopmail.com,Emma.Sandye@gmail.com,doctor,1170
565,Frieda,Middleton,Frieda.Middleton@yopmail.com,Frieda.Middleton@gmail.com,police officer,3837
566,Kittie,Joeann,Kittie.Joeann@yopmail.com,Kittie.Joeann@gmail.com,doctor,3913
567,Darci,Craggie,Darci.Craggie@yopmail.com,Darci.Craggie@gmail.com,police officer,4406
568,Lyssa,Alisia,Lyssa.Alisia@yopmail.com,Lyssa.Alisia@gmail.com,developer,2451
569,Cassondra,Annabella,Cassondra.Annabella@yopmail.com,Cassondra.Annabella@gmail.com,police officer,1646
570,Lolita,Bonilla,Lolita.Bonilla@yopmail.com,Lolita.Bonilla@gmail.com,police officer,3232
571,Mildrid,Lymann,Mildrid.Lymann@yopmail.com,Mildrid.Lymann@gmail.com,doctor,3758
572,Aryn,Raul,Aryn.Raul@yopmail.com,Aryn.Raul@gmail.com,police officer,2020
573,Krystle,Emmy,Krystle.Emmy@yopmail.com,Krystle.Emmy@gmail.com,doctor,4859
574,Silvana,Hoenack,Silvana.Hoenack@yopmail.com,Silvana.Hoenack@gmail.com,firefighter,4944
575,Iseabal,Alisia,Iseabal.Alisia@yopmail.com,Iseabal.Alisia@gmail.com,doctor,1400
576,Asia,Muriel,Asia.Muriel@yopmail.com,Asia.Muriel@gmail.com,worker,2136
577,Ana,Chem,Ana.Chem@yopmail.com,Ana.Chem@gmail.com,worker,1334
578,Annecorinne,Agle,Annecorinne.Agle@yopmail.com,Annecorinne.Agle@gmail.com,worker,2066
579,Joy,Alisia,Joy.Alisia@yopmail.com,Joy.Alisia@gmail.com,firefighter,3306
580,Odessa,Posner,Odessa.Posner@yopmail.com,Odessa.Posner@gmail.com,doctor,2178
581,Robinia,Edison,Robinia.Edison@yopmail.com,Robinia.Edison@gmail.com,firefighter,2564
582,Bee,Weitman,Bee.Weitman@yopmail.com,Bee.Weitman@gmail.com,worker,1547
583,Wanda,Raul,Wanda.Raul@yopmail.com,Wanda.Raul@gmail.com,developer,4210
584,Nyssa,Madox,Nyssa.Madox@yopmail.com,Nyssa.Madox@gmail.com,police officer,3271
585,Kristina,Larochelle,Kristina.Larochelle@yopmail.com,Kristina.Larochelle@gmail.com,worker,3988
586,Kathy,Paton,Kathy.Paton@yopmail.com,Kathy.Paton@gmail.com,developer,3182
587,Kial,Vorster,Kial.Vorster@yopmail.com,Kial.Vorster@gmail.com,firefighter,4574
588,Aeriela,Ashely,Aeriela.Ashely@yopmail.com,Aeriela.Ashely@gmail.com,doctor,3353
589,Jessamyn,Wenoa,Jessamyn.Wenoa@yopmail.com,Jessamyn.Wenoa@gmail.com,developer,3292
590,Peri,Land,Peri.Land@yopmail.com,Peri.Land@gmail.com,developer,3654
591,Nadine,Thornburg,Nadine.Thornburg@yopmail.com,Nadine.Thornburg@gmail.com,police officer,1400
592,Ayn,Martguerita,Ayn.Martguerita@yopmail.com,Ayn.Martguerita@gmail.com,firefighter,3618
593,Cathie,Autrey,Cathie.Autrey@yopmail.com,Cathie.Autrey@gmail.com,worker,4353
594,Basia,Jagir,Basia.Jagir@yopmail.com,Basia.Jagir@gmail.com,police officer,3658
595,Rosene,Maroney,Rosene.Maroney@yopmail.com,Rosene.Maroney@gmail.com,police officer,3085
596,Nikki,Stover,Nikki.Stover@yopmail.com,Nikki.Stover@gmail.com,doctor,4866
597,Aeriela,Atcliffe,Aeriela.Atcliffe@yopmail.com,Aeriela.Atcliffe@gmail.com,police officer,1202
598,Jasmina,Marcellus,Jasmina.Marcellus@yopmail.com,Jasmina.Marcellus@gmail.com,worker,1025
599,Aeriela,Munn,Aeriela.Munn@yopmail.com,Aeriela.Munn@gmail.com,developer,3376
600,Yetty,Lasley,Yetty.Lasley@yopmail.com,Yetty.Lasley@gmail.com,firefighter,1032
601,Halette,Aaberg,Halette.Aaberg@yopmail.com,Halette.Aaberg@gmail.com,worker,1281
602,Kary,Joli,Kary.Joli@yopmail.com,Kary.Joli@gmail.com,worker,3162
603,Madeleine,Chinua,Madeleine.Chinua@yopmail.com,Madeleine.Chinua@gmail.com,doctor,4406
604,Micheline,Skell,Micheline.Skell@yopmail.com,Micheline.Skell@gmail.com,worker,3396
605,Emmey,Boehike,Emmey.Boehike@yopmail.com,Emmey.Boehike@gmail.com,doctor,1286
606,Pamella,Bettine,Pamella.Bettine@yopmail.com,Pamella.Bettine@gmail.com,police officer,1649
607,Alyssa,Herrera,Alyssa.Herrera@yopmail.com,Alyssa.Herrera@gmail.com,firefighter,3791
608,Tomasina,Loleta,Tomasina.Loleta@yopmail.com,Tomasina.Loleta@gmail.com,doctor,4525
609,Eolanda,Minetta,Eolanda.Minetta@yopmail.com,Eolanda.Minetta@gmail.com,worker,4909
610,Merci,Dom,Merci.Dom@yopmail.com,Merci.Dom@gmail.com,firefighter,1305
611,Dotty,Holbrook,Dotty.Holbrook@yopmail.com,Dotty.Holbrook@gmail.com,developer,1416
612,Mathilda,Emmy,Mathilda.Emmy@yopmail.com,Mathilda.Emmy@gmail.com,doctor,3055
613,Dacia,Carri,Dacia.Carri@yopmail.com,Dacia.Carri@gmail.com,police officer,1872
614,Valera,Elephus,Valera.Elephus@yopmail.com,Valera.Elephus@gmail.com,developer,2277
615,Margalo,Ciro,Margalo.Ciro@yopmail.com,Margalo.Ciro@gmail.com,doctor,2526
616,Latisha,Nisbet,Latisha.Nisbet@yopmail.com,Latisha.Nisbet@gmail.com,police officer,3853
617,Elbertina,Travax,Elbertina.Travax@yopmail.com,Elbertina.Travax@gmail.com,developer,1517
618,Ayn,Kunin,Ayn.Kunin@yopmail.com,Ayn.Kunin@gmail.com,developer,3062
619,Bobinette,Norrie,Bobinette.Norrie@yopmail.com,Bobinette.Norrie@gmail.com,doctor,3010
620,Allis,Ovid,Allis.Ovid@yopmail.com,Allis.Ovid@gmail.com,worker,2465
621,Micheline,Tamar,Micheline.Tamar@yopmail.com,Micheline.Tamar@gmail.com,police officer,1287
622,Teddie,Cressida,Teddie.Cressida@yopmail.com,Teddie.Cressida@gmail.com,doctor,2033
623,Chloris,Loeb,Chloris.Loeb@yopmail.com,Chloris.Loeb@gmail.com,police officer,2834
624,Myrtice,Croix,Myrtice.Croix@yopmail.com,Myrtice.Croix@gmail.com,firefighter,2240
625,Cassandra,Rustice,Cassandra.Rustice@yopmail.com,Cassandra.Rustice@gmail.com,firefighter,4323
626,Camile,Madaih,Camile.Madaih@yopmail.com,Camile.Madaih@gmail.com,worker,2895
627,Alex,Yate,Alex.Yate@yopmail.com,Alex.Yate@gmail.com,police officer,2483
628,Clary,Phi,Clary.Phi@yopmail.com,Clary.Phi@gmail.com,doctor,1379
629,Jolyn,Clarissa,Jolyn.Clarissa@yopmail.com,Jolyn.Clarissa@gmail.com,doctor,2559
630,Frank,Yorick,Frank.Yorick@yopmail.com,Frank.Yorick@gmail.com,police officer,3593
631,Drucie,Grobe,Drucie.Grobe@yopmail.com,Drucie.Grobe@gmail.com,police officer,4117
632,Minda,Hourigan,Minda.Hourigan@yopmail.com,Minda.Hourigan@gmail.com,firefighter,1929
633,Ricky,Fulmer,Ricky.Fulmer@yopmail.com,Ricky.Fulmer@gmail.com,firefighter,4496
634,Kara-Lynn,Hubert,Kara-Lynn.Hubert@yopmail.com,Kara-Lynn.Hubert@gmail.com,doctor,4299
635,Siana,Shaddock,Siana.Shaddock@yopmail.com,Siana.Shaddock@gmail.com,doctor,1777
636,Kassey,Bashemeth,Kassey.Bashemeth@yopmail.com,Kassey.Bashemeth@gmail.com,worker,2445
637,Violet,Chinua,Violet.Chinua@yopmail.com,Violet.Chinua@gmail.com,doctor,2861
638,Jackie,Brady,Jackie.Brady@yopmail.com,Jackie.Brady@gmail.com,firefighter,4685
639,Kristina,Mauer,Kristina.Mauer@yopmail.com,Kristina.Mauer@gmail.com,doctor,4364
640,Teddie,Zeeba,Teddie.Zeeba@yopmail.com,Teddie.Zeeba@gmail.com,police officer,4111
641,Elmira,Persse,Elmira.Persse@yopmail.com,Elmira.Persse@gmail.com,doctor,1635
642,Aimil,Paine,Aimil.Paine@yopmail.com,Aimil.Paine@gmail.com,developer,1486
643,Berget,Couture,Berget.Couture@yopmail.com,Berget.Couture@gmail.com,firefighter,3131
644,Hannis,Ax,Hannis.Ax@yopmail.com,Hannis.Ax@gmail.com,police officer,2718
645,June,Lacombe,June.Lacombe@yopmail.com,June.Lacombe@gmail.com,police officer,4514
646,June,Cohdwell,June.Cohdwell@yopmail.com,June.Cohdwell@gmail.com,firefighter,2784
647,Luci,Halsey,Luci.Halsey@yopmail.com,Luci.Halsey@gmail.com,worker,3739
648,Bernie,Grobe,Bernie.Grobe@yopmail.com,Bernie.Grobe@gmail.com,worker,1825
649,Frieda,Simmonds,Frieda.Simmonds@yopmail.com,Frieda.Simmonds@gmail.com,developer,4441
650,Celene,Olin,Celene.Olin@yopmail.com,Celene.Olin@gmail.com,firefighter,4175
651,Brynna,Vale,Brynna.Vale@yopmail.com,Brynna.Vale@gmail.com,doctor,3455
652,Joy,Zuzana,Joy.Zuzana@yopmail.com,Joy.Zuzana@gmail.com,firefighter,2293
653,Corina,Lunsford,Corina.Lunsford@yopmail.com,Corina.Lunsford@gmail.com,doctor,4291
654,Bernardine,Torray,Bernardine.Torray@yopmail.com,Bernardine.Torray@gmail.com,doctor,2671
655,Barbara,Halsey,Barbara.Halsey@yopmail.com,Barbara.Halsey@gmail.com,developer,3285
656,Dode,Baudin,Dode.Baudin@yopmail.com,Dode.Baudin@gmail.com,firefighter,4199
657,Marinna,Tayib,Marinna.Tayib@yopmail.com,Marinna.Tayib@gmail.com,developer,4312
658,Violet,Rustice,Violet.Rustice@yopmail.com,Violet.Rustice@gmail.com,developer,3415
659,Gianina,Rodmann,Gianina.Rodmann@yopmail.com,Gianina.Rodmann@gmail.com,developer,1587
660,Lesly,Delila,Lesly.Delila@yopmail.com,Lesly.Delila@gmail.com,police officer,2551
661,Rebeca,Eiser,Rebeca.Eiser@yopmail.com,Rebeca.Eiser@gmail.com,police officer,2169
662,Jerry,Eben,Jerry.Eben@yopmail.com,Jerry.Eben@gmail.com,police officer,4848
663,Alejandra,Jalbert,Alejandra.Jalbert@yopmail.com,Alejandra.Jalbert@gmail.com,police officer,4930
664,Tami,Carlson,Tami.Carlson@yopmail.com,Tami.Carlson@gmail.com,doctor,4700
665,Paule,Elsinore,Paule.Elsinore@yopmail.com,Paule.Elsinore@gmail.com,doctor,1922
666,Tonia,Haldas,Tonia.Haldas@yopmail.com,Tonia.Haldas@gmail.com,developer,4246
667,Augustine,Anis,Augustine.Anis@yopmail.com,Augustine.Anis@gmail.com,police officer,3262
668,Lorenza,Merriott,Lorenza.Merriott@yopmail.com,Lorenza.Merriott@gmail.com,doctor,3724
669,Brandise,Jethro,Brandise.Jethro@yopmail.com,Brandise.Jethro@gmail.com,developer,3733
670,Merrie,Vernier,Merrie.Vernier@yopmail.com,Merrie.Vernier@gmail.com,police officer,3807
671,Robbi,Mayeda,Robbi.Mayeda@yopmail.com,Robbi.Mayeda@gmail.com,developer,3612
672,Anallese,Dominy,Anallese.Dominy@yopmail.com,Anallese.Dominy@gmail.com,doctor,1665
673,Gwyneth,Franza,Gwyneth.Franza@yopmail.com,Gwyneth.Franza@gmail.com,firefighter,2473
674,Marjie,Koehler,Marjie.Koehler@yopmail.com,Marjie.Koehler@gmail.com,worker,4032
675,Cyndie,Kauppi,Cyndie.Kauppi@yopmail.com,Cyndie.Kauppi@gmail.com,firefighter,2910
676,Nollie,Adamsen,Nollie.Adamsen@yopmail.com,Nollie.Adamsen@gmail.com,developer,3794
677,Vivia,Lane,Vivia.Lane@yopmail.com,Vivia.Lane@gmail.com,developer,1855
678,Amara,Bennie,Amara.Bennie@yopmail.com,Amara.Bennie@gmail.com,doctor,3726
679,Adele,Cookie,Adele.Cookie@yopmail.com,Adele.Cookie@gmail.com,police officer,2152
680,Maurene,Hazlett,Maurene.Hazlett@yopmail.com,Maurene.Hazlett@gmail.com,worker,3218
681,Hannis,Bartlett,Hannis.Bartlett@yopmail.com,Hannis.Bartlett@gmail.com,worker,1578
682,Elie,Danby,Elie.Danby@yopmail.com,Elie.Danby@gmail.com,worker,2117
683,Shandie,Elsinore,Shandie.Elsinore@yopmail.com,Shandie.Elsinore@gmail.com,firefighter,1694
684,Deirdre,Old,Deirdre.Old@yopmail.com,Deirdre.Old@gmail.com,doctor,4479
685,Tilly,Alisia,Tilly.Alisia@yopmail.com,Tilly.Alisia@gmail.com,police officer,3011
686,Cristabel,Scammon,Cristabel.Scammon@yopmail.com,Cristabel.Scammon@gmail.com,police officer,2932
687,Livvyy,Longfellow,Livvyy.Longfellow@yopmail.com,Livvyy.Longfellow@gmail.com,firefighter,3126
688,Chickie,Vins,Chickie.Vins@yopmail.com,Chickie.Vins@gmail.com,police officer,2590
689,Layla,Philoo,Layla.Philoo@yopmail.com,Layla.Philoo@gmail.com,developer,4658
690,Correy,Ardra,Correy.Ardra@yopmail.com,Correy.Ardra@gmail.com,doctor,3154
691,Sheelagh,Hieronymus,Sheelagh.Hieronymus@yopmail.com,Sheelagh.Hieronymus@gmail.com,developer,3495
692,Robbi,Adalbert,Robbi.Adalbert@yopmail.com,Robbi.Adalbert@gmail.com,doctor,2815
693,Vere,Tatianas,Vere.Tatianas@yopmail.com,Vere.Tatianas@gmail.com,doctor,2486
694,Tami,Anton,Tami.Anton@yopmail.com,Tami.Anton@gmail.com,developer,3147
695,Melina,Annice,Melina.Annice@yopmail.com,Melina.Annice@gmail.com,developer,1084
696,Nariko,Honoria,Nariko.Honoria@yopmail.com,Nariko.Honoria@gmail.com,police officer,4281
697,Desirae,Faust,Desirae.Faust@yopmail.com,Desirae.Faust@gmail.com,firefighter,4452
698,Noelle,Anestassia,Noelle.Anestassia@yopmail.com,Noelle.Anestassia@gmail.com,doctor,4270
699,Lorie,Ardra,Lorie.Ardra@yopmail.com,Lorie.Ardra@gmail.com,firefighter,4605
700,Candi,Masao,Candi.Masao@yopmail.com,Candi.Masao@gmail.com,police officer,2191
701,Joceline,Hull,Joceline.Hull@yopmail.com,Joceline.Hull@gmail.com,developer,1112
702,Orsola,Pond,Orsola.Pond@yopmail.com,Orsola.Pond@gmail.com,developer,1070
703,Amii,Joachim,Amii.Joachim@yopmail.com,Amii.Joachim@gmail.com,firefighter,2636
704,Sadie,Torray,Sadie.Torray@yopmail.com,Sadie.Torray@gmail.com,developer,1915
705,Elyssa,Ade,Elyssa.Ade@yopmail.com,Elyssa.Ade@gmail.com,doctor,3351
706,Paule,Bryna,Paule.Bryna@yopmail.com,Paule.Bryna@gmail.com,developer,4129
707,Taffy,Grosz,Taffy.Grosz@yopmail.com,Taffy.Grosz@gmail.com,police officer,3950
708,Kassey,Martguerita,Kassey.Martguerita@yopmail.com,Kassey.Martguerita@gmail.com,firefighter,1558
709,Sarette,Knowling,Sarette.Knowling@yopmail.com,Sarette.Knowling@gmail.com,firefighter,3362
710,Leona,Baylor,Leona.Baylor@yopmail.com,Leona.Baylor@gmail.com,police officer,2116
711,Lexine,Pandolfi,Lexine.Pandolfi@yopmail.com,Lexine.Pandolfi@gmail.com,doctor,3563
712,Binny,Stefa,Binny.Stefa@yopmail.com,Binny.Stefa@gmail.com,worker,1577
713,Anestassia,Sisile,Anestassia.Sisile@yopmail.com,Anestassia.Sisile@gmail.com,firefighter,2918
714,Paola,Geffner,Paola.Geffner@yopmail.com,Paola.Geffner@gmail.com,firefighter,4329
715,Tracey,Joni,Tracey.Joni@yopmail.com,Tracey.Joni@gmail.com,firefighter,2004
716,Kirstin,Infield,Kirstin.Infield@yopmail.com,Kirstin.Infield@gmail.com,developer,2696
717,Kirstin,Heisel,Kirstin.Heisel@yopmail.com,Kirstin.Heisel@gmail.com,developer,4832
718,Courtnay,Willie,Courtnay.Willie@yopmail.com,Courtnay.Willie@gmail.com,developer,2925
719,Kaia,Malina,Kaia.Malina@yopmail.com,Kaia.Malina@gmail.com,firefighter,4725
720,Marti,Tayib,Marti.Tayib@yopmail.com,Marti.Tayib@gmail.com,worker,1955
721,Grier,Kat,Grier.Kat@yopmail.com,Grier.Kat@gmail.com,police officer,2545
722,Christian,Devlen,Christian.Devlen@yopmail.com,Christian.Devlen@gmail.com,worker,3381
723,Correy,Egbert,Correy.Egbert@yopmail.com,Correy.Egbert@gmail.com,police officer,2477
724,Ezmeralda,Cookie,Ezmeralda.Cookie@yopmail.com,Ezmeralda.Cookie@gmail.com,developer,3713
725,Elka,Gower,Elka.Gower@yopmail.com,Elka.Gower@gmail.com,doctor,2846
726,Marguerite,Briney,Marguerite.Briney@yopmail.com,Marguerite.Briney@gmail.com,police officer,4728
727,Courtnay,Desai,Courtnay.Desai@yopmail.com,Courtnay.Desai@gmail.com,police officer,4656
728,Sharlene,Marlie,Sharlene.Marlie@yopmail.com,Sharlene.Marlie@gmail.com,police officer,3406
729,Layla,Docilla,Layla.Docilla@yopmail.com,Layla.Docilla@gmail.com,developer,1464
730,Bernie,Madelene,Bernie.Madelene@yopmail.com,Bernie.Madelene@gmail.com,developer,4574
731,Bibby,Ivens,Bibby.Ivens@yopmail.com,Bibby.Ivens@gmail.com,police officer,4715
732,Courtnay,Wyn,Courtnay.Wyn@yopmail.com,Courtnay.Wyn@gmail.com,developer,2835
733,Jacenta,Halsey,Jacenta.Halsey@yopmail.com,Jacenta.Halsey@gmail.com,police officer,4634
734,Marnia,Mandler,Marnia.Mandler@yopmail.com,Marnia.Mandler@gmail.com,doctor,2481
735,Bobinette,Cullin,Bobinette.Cullin@yopmail.com,Bobinette.Cullin@gmail.com,police officer,4427
736,Lanae,Hartnett,Lanae.Hartnett@yopmail.com,Lanae.Hartnett@gmail.com,developer,3888
737,Merci,Oriana,Merci.Oriana@yopmail.com,Merci.Oriana@gmail.com,doctor,2224
738,Pamella,Merna,Pamella.Merna@yopmail.com,Pamella.Merna@gmail.com,developer,4286
739,Paola,Xerxes,Paola.Xerxes@yopmail.com,Paola.Xerxes@gmail.com,developer,4455
740,Robbi,Bollay,Robbi.Bollay@yopmail.com,Robbi.Bollay@gmail.com,police officer,4208
741,Alejandra,Elvyn,Alejandra.Elvyn@yopmail.com,Alejandra.Elvyn@gmail.com,worker,1488
742,Mureil,Ochs,Mureil.Ochs@yopmail.com,Mureil.Ochs@gmail.com,developer,1162
743,Clo,Emerson,Clo.Emerson@yopmail.com,Clo.Emerson@gmail.com,developer,2774
744,Maisey,Ackerley,Maisey.Ackerley@yopmail.com,Maisey.Ackerley@gmail.com,developer,3217
745,Courtnay,Berriman,Courtnay.Berriman@yopmail.com,Courtnay.Berriman@gmail.com,developer,2351
746,Jinny,Pandolfi,Jinny.Pandolfi@yopmail.com,Jinny.Pandolfi@gmail.com,worker,2487
747,Tabbatha,Wilkinson,Tabbatha.Wilkinson@yopmail.com,Tabbatha.Wilkinson@gmail.com,doctor,1994
748,Lynde,Richers,Lynde.Richers@yopmail.com,Lynde.Richers@gmail.com,doctor,2171
749,Perry,Cristi,Perry.Cristi@yopmail.com,Perry.Cristi@gmail.com,police officer,2999
750,Jaime,Rosette,Jaime.Rosette@yopmail.com,Jaime.Rosette@gmail.com,police officer,1754
751,Olwen,Rese,Olwen.Rese@yopmail.com,Olwen.Rese@gmail.com,firefighter,4235
752,Bernardine,Natica,Bernardine.Natica@yopmail.com,Bernardine.Natica@gmail.com,police officer,1119
753,Lanna,Romelda,Lanna.Romelda@yopmail.com,Lanna.Romelda@gmail.com,worker,2388
754,Nikki,Reidar,Nikki.Reidar@yopmail.com,Nikki.Reidar@gmail.com,doctor,4446
755,Dorene,Xerxes,Dorene.Xerxes@yopmail.com,Dorene.Xerxes@gmail.com,developer,2224
756,Tiffie,Sholley,Tiffie.Sholley@yopmail.com,Tiffie.Sholley@gmail.com,firefighter,4297
757,Ursulina,Bivins,Ursulina.Bivins@yopmail.com,Ursulina.Bivins@gmail.com,worker,3217
758,Kristina,Vanni,Kristina.Vanni@yopmail.com,Kristina.Vanni@gmail.com,police officer,2723
759,Halette,Kirbee,Halette.Kirbee@yopmail.com,Halette.Kirbee@gmail.com,doctor,3675
760,Philis,Waite,Philis.Waite@yopmail.com,Philis.Waite@gmail.com,worker,4313
761,Gale,Chandler,Gale.Chandler@yopmail.com,Gale.Chandler@gmail.com,worker,4621
762,Dale,Wenoa,Dale.Wenoa@yopmail.com,Dale.Wenoa@gmail.com,police officer,4039
763,Melodie,Leonard,Melodie.Leonard@yopmail.com,Melodie.Leonard@gmail.com,firefighter,3604
764,Elvira,Jaylene,Elvira.Jaylene@yopmail.com,Elvira.Jaylene@gmail.com,developer,3610
765,Olwen,Mich,Olwen.Mich@yopmail.com,Olwen.Mich@gmail.com,worker,2442
766,Fanny,Thad,Fanny.Thad@yopmail.com,Fanny.Thad@gmail.com,worker,1187
767,Marline,Maples,Marline.Maples@yopmail.com,Marline.Maples@gmail.com,worker,1699
768,Quintina,Alarise,Quintina.Alarise@yopmail.com,Quintina.Alarise@gmail.com,doctor,2162
769,Jobi,Lareena,Jobi.Lareena@yopmail.com,Jobi.Lareena@gmail.com,firefighter,2475
770,Nataline,Hebner,Nataline.Hebner@yopmail.com,Nataline.Hebner@gmail.com,worker,3335
771,Cissiee,Dalli,Cissiee.Dalli@yopmail.com,Cissiee.Dalli@gmail.com,firefighter,3987
772,Stacey,Kat,Stacey.Kat@yopmail.com,Stacey.Kat@gmail.com,police officer,1795
773,Stacey,Gunn,Stacey.Gunn@yopmail.com,Stacey.Gunn@gmail.com,worker,1322
774,Sibella,Delp,Sibella.Delp@yopmail.com,Sibella.Delp@gmail.com,doctor,3361
775,Willetta,Liebermann,Willetta.Liebermann@yopmail.com,Willetta.Liebermann@gmail.com,firefighter,4317
776,Paulita,Engdahl,Paulita.Engdahl@yopmail.com,Paulita.Engdahl@gmail.com,firefighter,4587
777,Stephanie,Salchunas,Stephanie.Salchunas@yopmail.com,Stephanie.Salchunas@gmail.com,developer,2166
778,Dagmar,Narton,Dagmar.Narton@yopmail.com,Dagmar.Narton@gmail.com,police officer,2926
779,Marsiella,Elisha,Marsiella.Elisha@yopmail.com,Marsiella.Elisha@gmail.com,worker,2941
780,Clary,Zuzana,Clary.Zuzana@yopmail.com,Clary.Zuzana@gmail.com,firefighter,4843
781,Maye,MacIntosh,Maye.MacIntosh@yopmail.com,Maye.MacIntosh@gmail.com,firefighter,1559
782,Stevana,Argus,Stevana.Argus@yopmail.com,Stevana.Argus@gmail.com,developer,2417
783,Tressa,Honoria,Tressa.Honoria@yopmail.com,Tressa.Honoria@gmail.com,firefighter,1121
784,Corly,Ietta,Corly.Ietta@yopmail.com,Corly.Ietta@gmail.com,worker,4738
785,Emylee,Jerald,Emylee.Jerald@yopmail.com,Emylee.Jerald@gmail.com,firefighter,2098
786,Norine,Saree,Norine.Saree@yopmail.com,Norine.Saree@gmail.com,firefighter,1913
787,Inga,Westphal,Inga.Westphal@yopmail.com,Inga.Westphal@gmail.com,firefighter,2726
788,Marnia,Wyn,Marnia.Wyn@yopmail.com,Marnia.Wyn@gmail.com,worker,3580
789,Jeanna,Lumbard,Jeanna.Lumbard@yopmail.com,Jeanna.Lumbard@gmail.com,worker,2810
790,Janenna,Schalles,Janenna.Schalles@yopmail.com,Janenna.Schalles@gmail.com,developer,1910
791,Lusa,Redmond,Lusa.Redmond@yopmail.com,Lusa.Redmond@gmail.com,police officer,4964
792,Marline,Karna,Marline.Karna@yopmail.com,Marline.Karna@gmail.com,firefighter,2955
793,Dania,Lynn,Dania.Lynn@yopmail.com,Dania.Lynn@gmail.com,firefighter,2273
794,Nataline,Heidt,Nataline.Heidt@yopmail.com,Nataline.Heidt@gmail.com,worker,3346
795,Drucie,Anton,Drucie.Anton@yopmail.com,Drucie.Anton@gmail.com,police officer,3906
796,Kathi,Uund,Kathi.Uund@yopmail.com,Kathi.Uund@gmail.com,police officer,1835
797,Joy,Mauer,Joy.Mauer@yopmail.com,Joy.Mauer@gmail.com,firefighter,3552
798,Lucille,Cristi,Lucille.Cristi@yopmail.com,Lucille.Cristi@gmail.com,doctor,3484
799,Latisha,Neva,Latisha.Neva@yopmail.com,Latisha.Neva@gmail.com,police officer,4397
800,Melina,Wilona,Melina.Wilona@yopmail.com,Melina.Wilona@gmail.com,firefighter,1724
801,Nessie,Wenda,Nessie.Wenda@yopmail.com,Nessie.Wenda@gmail.com,doctor,3228
802,Aurelie,Salvidor,Aurelie.Salvidor@yopmail.com,Aurelie.Salvidor@gmail.com,worker,2460
803,Shandie,McClimans,Shandie.McClimans@yopmail.com,Shandie.McClimans@gmail.com,worker,3448
804,Brandise,Wadell,Brandise.Wadell@yopmail.com,Brandise.Wadell@gmail.com,firefighter,4370
805,Ardeen,Curren,Ardeen.Curren@yopmail.com,Ardeen.Curren@gmail.com,doctor,4433
806,Wendi,Frendel,Wendi.Frendel@yopmail.com,Wendi.Frendel@gmail.com,firefighter,1139
807,Fayre,Wind,Fayre.Wind@yopmail.com,Fayre.Wind@gmail.com,developer,4145
808,Annaliese,Palocz,Annaliese.Palocz@yopmail.com,Annaliese.Palocz@gmail.com,developer,2415
809,Nerta,Revkah,Nerta.Revkah@yopmail.com,Nerta.Revkah@gmail.com,firefighter,4233
810,Laurene,Deegan,Laurene.Deegan@yopmail.com,Laurene.Deegan@gmail.com,worker,2305
811,Sue,Bennie,Sue.Bennie@yopmail.com,Sue.Bennie@gmail.com,developer,2167
812,Gwyneth,Pernick,Gwyneth.Pernick@yopmail.com,Gwyneth.Pernick@gmail.com,developer,3779
813,Leeanne,Tacye,Leeanne.Tacye@yopmail.com,Leeanne.Tacye@gmail.com,firefighter,1309
814,Elmira,Zaslow,Elmira.Zaslow@yopmail.com,Elmira.Zaslow@gmail.com,police officer,3368
815,Helena,Socha,Helena.Socha@yopmail.com,Helena.Socha@gmail.com,firefighter,2875
816,Beverley,Meli,Beverley.Meli@yopmail.com,Beverley.Meli@gmail.com,developer,3389
817,Donnie,Ashok,Donnie.Ashok@yopmail.com,Donnie.Ashok@gmail.com,developer,1971
818,Myriam,Abbot,Myriam.Abbot@yopmail.com,Myriam.Abbot@gmail.com,police officer,1409
819,Heida,Alabaster,Heida.Alabaster@yopmail.com,Heida.Alabaster@gmail.com,developer,1973
820,Malina,Bigner,Malina.Bigner@yopmail.com,Malina.Bigner@gmail.com,police officer,2743
821,Nadine,Hurley,Nadine.Hurley@yopmail.com,Nadine.Hurley@gmail.com,worker,1463
822,Catharine,Gaynor,Catharine.Gaynor@yopmail.com,Catharine.Gaynor@gmail.com,developer,1710
823,Carilyn,Robertson,Carilyn.Robertson@yopmail.com,Carilyn.Robertson@gmail.com,firefighter,2016
824,Ericka,Margret,Ericka.Margret@yopmail.com,Ericka.Margret@gmail.com,firefighter,2897
825,Celestyna,Adlare,Celestyna.Adlare@yopmail.com,Celestyna.Adlare@gmail.com,developer,2222
826,Ardys,Ochs,Ardys.Ochs@yopmail.com,Ardys.Ochs@gmail.com,firefighter,4103
827,Willetta,Yate,Willetta.Yate@yopmail.com,Willetta.Yate@gmail.com,doctor,3825
828,Carree,Roumell,Carree.Roumell@yopmail.com,Carree.Roumell@gmail.com,developer,4652
829,Pearline,Arne,Pearline.Arne@yopmail.com,Pearline.Arne@gmail.com,worker,3590
830,Misha,Rudolph,Misha.Rudolph@yopmail.com,Misha.Rudolph@gmail.com,firefighter,1802
831,Xylina,Ashok,Xylina.Ashok@yopmail.com,Xylina.Ashok@gmail.com,developer,2962
832,Christy,Fiester,Christy.Fiester@yopmail.com,Christy.Fiester@gmail.com,worker,4053
833,Marylou,Blase,Marylou.Blase@yopmail.com,Marylou.Blase@gmail.com,developer,1796
834,Drucie,Roxanna,Drucie.Roxanna@yopmail.com,Drucie.Roxanna@gmail.com,developer,4560
835,Evaleen,Cherianne,Evaleen.Cherianne@yopmail.com,Evaleen.Cherianne@gmail.com,police officer,3087
836,Andree,Durware,Andree.Durware@yopmail.com,Andree.Durware@gmail.com,worker,4412
837,Mary,Baudin,Mary.Baudin@yopmail.com,Mary.Baudin@gmail.com,police officer,4495
838,Henriette,Nahum,Henriette.Nahum@yopmail.com,Henriette.Nahum@gmail.com,developer,4045
839,Brana,Berriman,Brana.Berriman@yopmail.com,Brana.Berriman@gmail.com,firefighter,2170
840,Ingrid,Monaco,Ingrid.Monaco@yopmail.com,Ingrid.Monaco@gmail.com,doctor,1249
841,Willetta,Teryn,Willetta.Teryn@yopmail.com,Willetta.Teryn@gmail.com,developer,1955
842,Catrina,Germann,Catrina.Germann@yopmail.com,Catrina.Germann@gmail.com,police officer,4282
843,Debee,Valerio,Debee.Valerio@yopmail.com,Debee.Valerio@gmail.com,developer,1775
844,Lily,Shuler,Lily.Shuler@yopmail.com,Lily.Shuler@gmail.com,firefighter,3380
845,Ermengarde,Madaih,Ermengarde.Madaih@yopmail.com,Ermengarde.Madaih@gmail.com,developer,1300
846,Ida,Belanger,Ida.Belanger@yopmail.com,Ida.Belanger@gmail.com,doctor,4170
847,Rani,Penelopa,Rani.Penelopa@yopmail.com,Rani.Penelopa@gmail.com,developer,2458
848,Kore,McAdams,Kore.McAdams@yopmail.com,Kore.McAdams@gmail.com,firefighter,4893
849,Edith,Elephus,Edith.Elephus@yopmail.com,Edith.Elephus@gmail.com,developer,2308
850,Lelah,Bethany,Lelah.Bethany@yopmail.com,Lelah.Bethany@gmail.com,developer,3625
851,Ninnetta,Wattenberg,Ninnetta.Wattenberg@yopmail.com,Ninnetta.Wattenberg@gmail.com,developer,4478
852,Karena,Carlson,Karena.Carlson@yopmail.com,Karena.Carlson@gmail.com,firefighter,1032
853,Babita,Bach,Babita.Bach@yopmail.com,Babita.Bach@gmail.com,police officer,3147
854,Karolina,Eliathas,Karolina.Eliathas@yopmail.com,Karolina.Eliathas@gmail.com,police officer,3334
855,Alisha,Eldrid,Alisha.Eldrid@yopmail.com,Alisha.Eldrid@gmail.com,doctor,3625
856,Bertine,Guildroy,Bertine.Guildroy@yopmail.com,Bertine.Guildroy@gmail.com,firefighter,4230
857,Wynne,Campball,Wynne.Campball@yopmail.com,Wynne.Campball@gmail.com,doctor,1909
858,Janeczka,Si,Janeczka.Si@yopmail.com,Janeczka.Si@gmail.com,worker,3799
859,Olwen,Bonucci,Olwen.Bonucci@yopmail.com,Olwen.Bonucci@gmail.com,doctor,1367
860,Kylynn,Eno,Kylynn.Eno@yopmail.com,Kylynn.Eno@gmail.com,police officer,3093
861,Claresta,Vins,Claresta.Vins@yopmail.com,Claresta.Vins@gmail.com,firefighter,1829
862,Ketti,Kinnard,Ketti.Kinnard@yopmail.com,Ketti.Kinnard@gmail.com,doctor,2886
863,Rosene,Bryna,Rosene.Bryna@yopmail.com,Rosene.Bryna@gmail.com,police officer,3770
864,Marika,Justinn,Marika.Justinn@yopmail.com,Marika.Justinn@gmail.com,police officer,4546
865,Eolanda,Haerr,Eolanda.Haerr@yopmail.com,Eolanda.Haerr@gmail.com,worker,4280
866,Thalia,Remmer,Thalia.Remmer@yopmail.com,Thalia.Remmer@gmail.com,developer,2275
867,Ethel,Liebermann,Ethel.Liebermann@yopmail.com,Ethel.Liebermann@gmail.com,police officer,1850
868,Inga,Avi,Inga.Avi@yopmail.com,Inga.Avi@gmail.com,police officer,4726
869,Ilse,Milde,Ilse.Milde@yopmail.com,Ilse.Milde@gmail.com,firefighter,3504
870,Carmencita,Amand,Carmencita.Amand@yopmail.com,Carmencita.Amand@gmail.com,developer,1031
871,Joane,Eugenia,Joane.Eugenia@yopmail.com,Joane.Eugenia@gmail.com,worker,1497
872,Cyb,Buttaro,Cyb.Buttaro@yopmail.com,Cyb.Buttaro@gmail.com,developer,3552
873,Wynne,Chrystel,Wynne.Chrystel@yopmail.com,Wynne.Chrystel@gmail.com,firefighter,3151
874,Mureil,Secrest,Mureil.Secrest@yopmail.com,Mureil.Secrest@gmail.com,doctor,3429
875,Netty,Cyrie,Netty.Cyrie@yopmail.com,Netty.Cyrie@gmail.com,doctor,3695
876,Dacia,Forrer,Dacia.Forrer@yopmail.com,Dacia.Forrer@gmail.com,doctor,2197
877,Doralynne,Narton,Doralynne.Narton@yopmail.com,Doralynne.Narton@gmail.com,worker,4867
878,Raina,Allare,Raina.Allare@yopmail.com,Raina.Allare@gmail.com,firefighter,4513
879,Tarra,Sisile,Tarra.Sisile@yopmail.com,Tarra.Sisile@gmail.com,firefighter,4470
880,Bobinette,Obed,Bobinette.Obed@yopmail.com,Bobinette.Obed@gmail.com,worker,2329
881,Cathyleen,Dex,Cathyleen.Dex@yopmail.com,Cathyleen.Dex@gmail.com,worker,3510
882,Belva,Sandye,Belva.Sandye@yopmail.com,Belva.Sandye@gmail.com,doctor,2395
883,Perry,Jeanne,Perry.Jeanne@yopmail.com,Perry.Jeanne@gmail.com,developer,4188
884,Candi,Christine,Candi.Christine@yopmail.com,Candi.Christine@gmail.com,worker,1922
885,Elsie,Bendick,Elsie.Bendick@yopmail.com,Elsie.Bendick@gmail.com,doctor,4546
886,Katleen,Peg,Katleen.Peg@yopmail.com,Katleen.Peg@gmail.com,firefighter,1826
887,Jessy,Karl,Jessy.Karl@yopmail.com,Jessy.Karl@gmail.com,police officer,2443
888,Vevay,Melleta,Vevay.Melleta@yopmail.com,Vevay.Melleta@gmail.com,firefighter,4884
889,Ebonee,Yerkovich,Ebonee.Yerkovich@yopmail.com,Ebonee.Yerkovich@gmail.com,doctor,1971
890,Frieda,Xerxes,Frieda.Xerxes@yopmail.com,Frieda.Xerxes@gmail.com,firefighter,1431
891,Bibby,Merell,Bibby.Merell@yopmail.com,Bibby.Merell@gmail.com,firefighter,4227
892,Thalia,Vivle,Thalia.Vivle@yopmail.com,Thalia.Vivle@gmail.com,doctor,2567
893,Dania,Waite,Dania.Waite@yopmail.com,Dania.Waite@gmail.com,firefighter,4137
894,Minne,Morehouse,Minne.Morehouse@yopmail.com,Minne.Morehouse@gmail.com,doctor,1929
895,Clarice,Faust,Clarice.Faust@yopmail.com,Clarice.Faust@gmail.com,doctor,1184
896,Shannah,Peti,Shannah.Peti@yopmail.com,Shannah.Peti@gmail.com,developer,4676
897,Larine,Dimitris,Larine.Dimitris@yopmail.com,Larine.Dimitris@gmail.com,firefighter,4398
898,Camile,Freddi,Camile.Freddi@yopmail.com,Camile.Freddi@gmail.com,police officer,4606
899,Alyda,Weitman,Alyda.Weitman@yopmail.com,Alyda.Weitman@gmail.com,doctor,3500
900,Rivalee,Rona,Rivalee.Rona@yopmail.com,Rivalee.Rona@gmail.com,firefighter,3378
901,Doro,Girardo,Doro.Girardo@yopmail.com,Doro.Girardo@gmail.com,doctor,2696
902,Sue,Karl,Sue.Karl@yopmail.com,Sue.Karl@gmail.com,police officer,3837
903,Gloria,Neva,Gloria.Neva@yopmail.com,Gloria.Neva@gmail.com,firefighter,2843
904,Ida,Engdahl,Ida.Engdahl@yopmail.com,Ida.Engdahl@gmail.com,firefighter,3829
905,Viki,Rubie,Viki.Rubie@yopmail.com,Viki.Rubie@gmail.com,worker,2534
906,Dyann,Bollay,Dyann.Bollay@yopmail.com,Dyann.Bollay@gmail.com,firefighter,1539
907,Gusty,Schwejda,Gusty.Schwejda@yopmail.com,Gusty.Schwejda@gmail.com,police officer,2923
908,Leeanne,Gerge,Leeanne.Gerge@yopmail.com,Leeanne.Gerge@gmail.com,doctor,4091
909,Courtnay,Janene,Courtnay.Janene@yopmail.com,Courtnay.Janene@gmail.com,developer,4672
910,Lanna,Dalli,Lanna.Dalli@yopmail.com,Lanna.Dalli@gmail.com,doctor,3024
911,Georgetta,Hourigan,Georgetta.Hourigan@yopmail.com,Georgetta.Hourigan@gmail.com,police officer,4993
912,Carolina,Rozanna,Carolina.Rozanna@yopmail.com,Carolina.Rozanna@gmail.com,worker,3169
913,Tracey,Lory,Tracey.Lory@yopmail.com,Tracey.Lory@gmail.com,developer,1462
914,Adore,Zola,Adore.Zola@yopmail.com,Adore.Zola@gmail.com,firefighter,4932
915,Lynnea,Ammann,Lynnea.Ammann@yopmail.com,Lynnea.Ammann@gmail.com,firefighter,4697
916,Joleen,Rozanna,Joleen.Rozanna@yopmail.com,Joleen.Rozanna@gmail.com,police officer,1456
917,Gretal,Baptlsta,Gretal.Baptlsta@yopmail.com,Gretal.Baptlsta@gmail.com,firefighter,2294
918,Janenna,Clywd,Janenna.Clywd@yopmail.com,Janenna.Clywd@gmail.com,firefighter,1509
919,Gratia,Schalles,Gratia.Schalles@yopmail.com,Gratia.Schalles@gmail.com,worker,1168
920,Jinny,Rudolph,Jinny.Rudolph@yopmail.com,Jinny.Rudolph@gmail.com,firefighter,2985
921,Debee,Bakerman,Debee.Bakerman@yopmail.com,Debee.Bakerman@gmail.com,developer,4586
922,Ayn,Bollay,Ayn.Bollay@yopmail.com,Ayn.Bollay@gmail.com,firefighter,4090
923,Regina,Meli,Regina.Meli@yopmail.com,Regina.Meli@gmail.com,police officer,3134
924,Marylou,Wareing,Marylou.Wareing@yopmail.com,Marylou.Wareing@gmail.com,police officer,2683
925,Chere,Odell,Chere.Odell@yopmail.com,Chere.Odell@gmail.com,developer,3562
926,Frances,Pandolfi,Frances.Pandolfi@yopmail.com,Frances.Pandolfi@gmail.com,developer,4583
927,Oralee,Dituri,Oralee.Dituri@yopmail.com,Oralee.Dituri@gmail.com,developer,2037
928,Shaylyn,Center,Shaylyn.Center@yopmail.com,Shaylyn.Center@gmail.com,police officer,1003
929,Bertine,Capello,Bertine.Capello@yopmail.com,Bertine.Capello@gmail.com,developer,3629
930,Estell,Maiah,Estell.Maiah@yopmail.com,Estell.Maiah@gmail.com,doctor,4555
931,Mahalia,Alabaster,Mahalia.Alabaster@yopmail.com,Mahalia.Alabaster@gmail.com,worker,1333
932,Georgetta,Jacqui,Georgetta.Jacqui@yopmail.com,Georgetta.Jacqui@gmail.com,police officer,4999
933,Morganica,Faso,Morganica.Faso@yopmail.com,Morganica.Faso@gmail.com,doctor,2265
934,Margette,Thema,Margette.Thema@yopmail.com,Margette.Thema@gmail.com,police officer,1830
935,Cassondra,Cynar,Cassondra.Cynar@yopmail.com,Cassondra.Cynar@gmail.com,firefighter,3028
936,Sheelagh,Calhoun,Sheelagh.Calhoun@yopmail.com,Sheelagh.Calhoun@gmail.com,doctor,3742
937,Linzy,Plato,Linzy.Plato@yopmail.com,Linzy.Plato@gmail.com,police officer,2539
938,Donetta,Gherardo,Donetta.Gherardo@yopmail.com,Donetta.Gherardo@gmail.com,police officer,1809
939,Benita,Timon,Benita.Timon@yopmail.com,Benita.Timon@gmail.com,doctor,1633
940,Natka,Ellord,Natka.Ellord@yopmail.com,Natka.Ellord@gmail.com,police officer,1838
941,Georgetta,Kannry,Georgetta.Kannry@yopmail.com,Georgetta.Kannry@gmail.com,worker,1792
942,Ana,Kosey,Ana.Kosey@yopmail.com,Ana.Kosey@gmail.com,doctor,3620
943,Cissiee,Vary,Cissiee.Vary@yopmail.com,Cissiee.Vary@gmail.com,firefighter,2746
944,Jessy,Wattenberg,Jessy.Wattenberg@yopmail.com,Jessy.Wattenberg@gmail.com,worker,3607
945,Beverley,Schroth,Beverley.Schroth@yopmail.com,Beverley.Schroth@gmail.com,police officer,3787
946,Selma,Schlosser,Selma.Schlosser@yopmail.com,Selma.Schlosser@gmail.com,police officer,2503
947,Maryellen,Prober,Maryellen.Prober@yopmail.com,Maryellen.Prober@gmail.com,worker,1075
948,Harmonia,Rese,Harmonia.Rese@yopmail.com,Harmonia.Rese@gmail.com,firefighter,3714
949,Wynne,Sheedy,Wynne.Sheedy@yopmail.com,Wynne.Sheedy@gmail.com,police officer,2843
950,Jinny,Clara,Jinny.Clara@yopmail.com,Jinny.Clara@gmail.com,firefighter,4819
951,Adele,Stevy,Adele.Stevy@yopmail.com,Adele.Stevy@gmail.com,worker,3418
952,Cyndie,Papageno,Cyndie.Papageno@yopmail.com,Cyndie.Papageno@gmail.com,police officer,2726
953,Jsandye,Arne,Jsandye.Arne@yopmail.com,Jsandye.Arne@gmail.com,firefighter,2768
954,Kelly,Adore,Kelly.Adore@yopmail.com,Kelly.Adore@gmail.com,developer,2875
955,Cam,Woodberry,Cam.Woodberry@yopmail.com,Cam.Woodberry@gmail.com,firefighter,4132
956,Lorenza,Burch,Lorenza.Burch@yopmail.com,Lorenza.Burch@gmail.com,firefighter,3633
957,Giustina,Killigrew,Giustina.Killigrew@yopmail.com,Giustina.Killigrew@gmail.com,worker,4750
958,Tomasina,Taima,Tomasina.Taima@yopmail.com,Tomasina.Taima@gmail.com,worker,2476
959,Linzy,Santoro,Linzy.Santoro@yopmail.com,Linzy.Santoro@gmail.com,police officer,1263
960,Dari,Jerald,Dari.Jerald@yopmail.com,Dari.Jerald@gmail.com,worker,3756
961,Vanessa,Chrystel,Vanessa.Chrystel@yopmail.com,Vanessa.Chrystel@gmail.com,firefighter,1254
962,Bettine,Carri,Bettine.Carri@yopmail.com,Bettine.Carri@gmail.com,police officer,1671
963,Heddie,Wenoa,Heddie.Wenoa@yopmail.com,Heddie.Wenoa@gmail.com,developer,1136
964,Monika,Elsinore,Monika.Elsinore@yopmail.com,Monika.Elsinore@gmail.com,developer,4393
965,Perry,Neva,Perry.Neva@yopmail.com,Perry.Neva@gmail.com,worker,2898
966,Melina,Johanna,Melina.Johanna@yopmail.com,Melina.Johanna@gmail.com,developer,1373
967,Lonnie,Chabot,Lonnie.Chabot@yopmail.com,Lonnie.Chabot@gmail.com,developer,2512
968,Mamie,Carmena,Mamie.Carmena@yopmail.com,Mamie.Carmena@gmail.com,firefighter,1143
969,Di,Casimir,Di.Casimir@yopmail.com,Di.Casimir@gmail.com,developer,1202
970,Lory,Dielu,Lory.Dielu@yopmail.com,Lory.Dielu@gmail.com,doctor,4204
971,Reeba,Lane,Reeba.Lane@yopmail.com,Reeba.Lane@gmail.com,firefighter,2420
972,Alejandra,Kimmie,Alejandra.Kimmie@yopmail.com,Alejandra.Kimmie@gmail.com,worker,4451
973,Leeanne,Melan,Leeanne.Melan@yopmail.com,Leeanne.Melan@gmail.com,police officer,4954
974,Charmaine,Erb,Charmaine.Erb@yopmail.com,Charmaine.Erb@gmail.com,firefighter,2476
975,Shaylyn,Markman,Shaylyn.Markman@yopmail.com,Shaylyn.Markman@gmail.com,worker,3128
976,Tonia,Himelman,Tonia.Himelman@yopmail.com,Tonia.Himelman@gmail.com,doctor,3681
977,Roseline,Tryck,Roseline.Tryck@yopmail.com,Roseline.Tryck@gmail.com,developer,1990
978,Dorothy,Parsaye,Dorothy.Parsaye@yopmail.com,Dorothy.Parsaye@gmail.com,developer,4003
979,Oona,Atonsah,Oona.Atonsah@yopmail.com,Oona.Atonsah@gmail.com,developer,3992
980,Giustina,Dearborn,Giustina.Dearborn@yopmail.com,Giustina.Dearborn@gmail.com,doctor,3019
981,Cassondra,Vilma,Cassondra.Vilma@yopmail.com,Cassondra.Vilma@gmail.com,developer,2333
982,Corene,Zamora,Corene.Zamora@yopmail.com,Corene.Zamora@gmail.com,firefighter,2546
983,Bibby,Ulphia,Bibby.Ulphia@yopmail.com,Bibby.Ulphia@gmail.com,worker,1512
984,Beth,Nisbet,Beth.Nisbet@yopmail.com,Beth.Nisbet@gmail.com,firefighter,4053
985,Stacey,Brackely,Stacey.Brackely@yopmail.com,Stacey.Brackely@gmail.com,firefighter,4986
986,Laure,Decato,Laure.Decato@yopmail.com,Laure.Decato@gmail.com,firefighter,4762
987,Etta,Fairweather,Etta.Fairweather@yopmail.com,Etta.Fairweather@gmail.com,worker,3137
988,Desirae,Gilbertson,Desirae.Gilbertson@yopmail.com,Desirae.Gilbertson@gmail.com,firefighter,2982
989,Willetta,Vale,Willetta.Vale@yopmail.com,Willetta.Vale@gmail.com,worker,1132
990,Lily,Urania,Lily.Urania@yopmail.com,Lily.Urania@gmail.com,firefighter,3382
991,Johna,Kannry,Johna.Kannry@yopmail.com,Johna.Kannry@gmail.com,firefighter,1206
992,Ernesta,Ethban,Ernesta.Ethban@yopmail.com,Ernesta.Ethban@gmail.com,police officer,2777
993,Marita,Felizio,Marita.Felizio@yopmail.com,Marita.Felizio@gmail.com,police officer,4374
994,Shauna,Lay,Shauna.Lay@yopmail.com,Shauna.Lay@gmail.com,developer,4017
995,Rhoda,Sawtelle,Rhoda.Sawtelle@yopmail.com,Rhoda.Sawtelle@gmail.com,police officer,2355
996,Karena,Stefa,Karena.Stefa@yopmail.com,Karena.Stefa@gmail.com,police officer,1417
997,Nikki,Dorine,Nikki.Dorine@yopmail.com,Nikki.Dorine@gmail.com,firefighter,4613
998,Frank,Fosque,Frank.Fosque@yopmail.com,Frank.Fosque@gmail.com,firefighter,1188
999,Jessamyn,Tamsky,Jessamyn.Tamsky@yopmail.com,Jessamyn.Tamsky@gmail.com,doctor,1215
1000,Margalo,Autrey,Margalo.Autrey@yopmail.com,Margalo.Autrey@gmail.com,police officer,1876
1001,Ofilia,Hieronymus,Ofilia.Hieronymus@yopmail.com,Ofilia.Hieronymus@gmail.com,developer,1778
1002,Ardys,Auberbach,Ardys.Auberbach@yopmail.com,Ardys.Auberbach@gmail.com,police officer,2066
1003,Dulce,Rudolph,Dulce.Rudolph@yopmail.com,Dulce.Rudolph@gmail.com,doctor,1925
1004,Jeanna,Thad,Jeanna.Thad@yopmail.com,Jeanna.Thad@gmail.com,firefighter,4750
1005,Dolli,Zuzana,Dolli.Zuzana@yopmail.com,Dolli.Zuzana@gmail.com,doctor,1650
1006,Raina,Georas,Raina.Georas@yopmail.com,Raina.Georas@gmail.com,firefighter,1776
1007,Kore,Larochelle,Kore.Larochelle@yopmail.com,Kore.Larochelle@gmail.com,firefighter,2576
1008,Fayre,Felizio,Fayre.Felizio@yopmail.com,Fayre.Felizio@gmail.com,developer,3576
1009,Stephanie,Wadell,Stephanie.Wadell@yopmail.com,Stephanie.Wadell@gmail.com,developer,2450
1010,Kenna,Hashim,Kenna.Hashim@yopmail.com,Kenna.Hashim@gmail.com,doctor,3773
1011,Alameda,Gwenore,Alameda.Gwenore@yopmail.com,Alameda.Gwenore@gmail.com,doctor,2638
1012,Celene,Bohlin,Celene.Bohlin@yopmail.com,Celene.Bohlin@gmail.com,worker,2279
1013,Berta,Etom,Berta.Etom@yopmail.com,Berta.Etom@gmail.com,developer,2276
1014,Ofilia,Millda,Ofilia.Millda@yopmail.com,Ofilia.Millda@gmail.com,firefighter,1732
1015,Debee,Wittie,Debee.Wittie@yopmail.com,Debee.Wittie@gmail.com,worker,3004
1016,Trixi,Dearborn,Trixi.Dearborn@yopmail.com,Trixi.Dearborn@gmail.com,firefighter,4055
1017,Lonnie,Gibbeon,Lonnie.Gibbeon@yopmail.com,Lonnie.Gibbeon@gmail.com,developer,3735
1018,Paola,Imelida,Paola.Imelida@yopmail.com,Paola.Imelida@gmail.com,firefighter,2245
1019,Shel,Sisile,Shel.Sisile@yopmail.com,Shel.Sisile@gmail.com,police officer,2762
1020,Carmencita,Khorma,Carmencita.Khorma@yopmail.com,Carmencita.Khorma@gmail.com,developer,4414
1021,Lesly,Fitzsimmons,Lesly.Fitzsimmons@yopmail.com,Lesly.Fitzsimmons@gmail.com,worker,4381
1022,Arlina,Palocz,Arlina.Palocz@yopmail.com,Arlina.Palocz@gmail.com,developer,4898
1023,Kristina,Georas,Kristina.Georas@yopmail.com,Kristina.Georas@gmail.com,firefighter,3443
1024,Viviene,Helfand,Viviene.Helfand@yopmail.com,Viviene.Helfand@gmail.com,firefighter,3316
1025,Luci,Arathorn,Luci.Arathorn@yopmail.com,Luci.Arathorn@gmail.com,doctor,3267
1026,Brena,Duwalt,Brena.Duwalt@yopmail.com,Brena.Duwalt@gmail.com,firefighter,4796
1027,Kassey,Reidar,Kassey.Reidar@yopmail.com,Kassey.Reidar@gmail.com,worker,3022
1028,Correy,Mathilde,Correy.Mathilde@yopmail.com,Correy.Mathilde@gmail.com,police officer,1875
1029,Deane,Radu,Deane.Radu@yopmail.com,Deane.Radu@gmail.com,developer,1362
1030,Marinna,Fitzsimmons,Marinna.Fitzsimmons@yopmail.com,Marinna.Fitzsimmons@gmail.com,police officer,2988
1031,Randa,Anton,Randa.Anton@yopmail.com,Randa.Anton@gmail.com,firefighter,1113
1032,Corly,Podvin,Corly.Podvin@yopmail.com,Corly.Podvin@gmail.com,police officer,3755
1033,Brandise,Callista,Brandise.Callista@yopmail.com,Brandise.Callista@gmail.com,worker,2881
1034,Cam,Schenck,Cam.Schenck@yopmail.com,Cam.Schenck@gmail.com,firefighter,4565
1035,Basia,Granoff,Basia.Granoff@yopmail.com,Basia.Granoff@gmail.com,firefighter,2602
1036,Albertina,Tamar,Albertina.Tamar@yopmail.com,Albertina.Tamar@gmail.com,developer,1382
1037,Bibby,Angelis,Bibby.Angelis@yopmail.com,Bibby.Angelis@gmail.com,worker,1482
1038,Concettina,Hylan,Concettina.Hylan@yopmail.com,Concettina.Hylan@gmail.com,doctor,4545
1039,Jsandye,Prober,Jsandye.Prober@yopmail.com,Jsandye.Prober@gmail.com,doctor,4655
1040,Clarice,Pernick,Clarice.Pernick@yopmail.com,Clarice.Pernick@gmail.com,firefighter,3302
1041,Elyssa,Saunderson,Elyssa.Saunderson@yopmail.com,Elyssa.Saunderson@gmail.com,police officer,2916
1042,Jenda,Flyn,Jenda.Flyn@yopmail.com,Jenda.Flyn@gmail.com,police officer,4720
1043,Linet,Gerge,Linet.Gerge@yopmail.com,Linet.Gerge@gmail.com,police officer,1084
1044,Jolyn,Ivens,Jolyn.Ivens@yopmail.com,Jolyn.Ivens@gmail.com,police officer,3623
1045,Elora,Gamaliel,Elora.Gamaliel@yopmail.com,Elora.Gamaliel@gmail.com,police officer,1017
1046,Kalina,Mallon,Kalina.Mallon@yopmail.com,Kalina.Mallon@gmail.com,doctor,1020
1047,Alie,Palocz,Alie.Palocz@yopmail.com,Alie.Palocz@gmail.com,firefighter,2559
1048,Alleen,Jess,Alleen.Jess@yopmail.com,Alleen.Jess@gmail.com,firefighter,1570
1049,Marika,Rebecka,Marika.Rebecka@yopmail.com,Marika.Rebecka@gmail.com,doctor,3205
1050,Bibby,Pillsbury,Bibby.Pillsbury@yopmail.com,Bibby.Pillsbury@gmail.com,doctor,4862
1051,Ezmeralda,Gerge,Ezmeralda.Gerge@yopmail.com,Ezmeralda.Gerge@gmail.com,firefighter,2305
1052,Merrie,Arne,Merrie.Arne@yopmail.com,Merrie.Arne@gmail.com,worker,1135
1053,Tonia,Bakerman,Tonia.Bakerman@yopmail.com,Tonia.Bakerman@gmail.com,doctor,4892
1054,Mady,Lemuela,Mady.Lemuela@yopmail.com,Mady.Lemuela@gmail.com,doctor,1665
1055,Kittie,Carri,Kittie.Carri@yopmail.com,Kittie.Carri@gmail.com,developer,2569
1056,Heida,Wallis,Heida.Wallis@yopmail.com,Heida.Wallis@gmail.com,firefighter,2602
1057,Gretal,Claudine,Gretal.Claudine@yopmail.com,Gretal.Claudine@gmail.com,police officer,2066
1058,Petronia,Terrence,Petronia.Terrence@yopmail.com,Petronia.Terrence@gmail.com,developer,3710
1059,Fidelia,Baptlsta,Fidelia.Baptlsta@yopmail.com,Fidelia.Baptlsta@gmail.com,worker,3150
1060,Janey,Merna,Janey.Merna@yopmail.com,Janey.Merna@gmail.com,developer,4806
1061,Miquela,Truc,Miquela.Truc@yopmail.com,Miquela.Truc@gmail.com,police officer,3536
1062,Codie,Persse,Codie.Persse@yopmail.com,Codie.Persse@gmail.com,developer,3763
1063,Annecorinne,Keelia,Annecorinne.Keelia@yopmail.com,Annecorinne.Keelia@gmail.com,doctor,2368
1064,Vanessa,Bertold,Vanessa.Bertold@yopmail.com,Vanessa.Bertold@gmail.com,developer,5000
1065,Ellette,Clywd,Ellette.Clywd@yopmail.com,Ellette.Clywd@gmail.com,developer,1128
1066,Paola,Ioab,Paola.Ioab@yopmail.com,Paola.Ioab@gmail.com,developer,2078
1067,Kittie,Bertold,Kittie.Bertold@yopmail.com,Kittie.Bertold@gmail.com,police officer,4104
1068,Mireielle,Leary,Mireielle.Leary@yopmail.com,Mireielle.Leary@gmail.com,doctor,4505
1069,Elyssa,Pattin,Elyssa.Pattin@yopmail.com,Elyssa.Pattin@gmail.com,developer,2234
1070,Linet,Tjon,Linet.Tjon@yopmail.com,Linet.Tjon@gmail.com,worker,4237
1071,Karolina,Bettine,Karolina.Bettine@yopmail.com,Karolina.Bettine@gmail.com,firefighter,1830
1072,Abbie,Quinn,Abbie.Quinn@yopmail.com,Abbie.Quinn@gmail.com,developer,3392
1073,Lucy,Cosenza,Lucy.Cosenza@yopmail.com,Lucy.Cosenza@gmail.com,developer,4529
1074,Ofilia,Honoria,Ofilia.Honoria@yopmail.com,Ofilia.Honoria@gmail.com,doctor,1092
1075,Jean,Cecile,Jean.Cecile@yopmail.com,Jean.Cecile@gmail.com,worker,1141
1076,Halette,Mike,Halette.Mike@yopmail.com,Halette.Mike@gmail.com,doctor,1128
1077,Jolyn,Lanita,Jolyn.Lanita@yopmail.com,Jolyn.Lanita@gmail.com,developer,1754
1078,Caressa,Hutchison,Caressa.Hutchison@yopmail.com,Caressa.Hutchison@gmail.com,worker,3508
1079,Sheelagh,Frendel,Sheelagh.Frendel@yopmail.com,Sheelagh.Frendel@gmail.com,doctor,1918
1080,Coral,Naashom,Coral.Naashom@yopmail.com,Coral.Naashom@gmail.com,developer,3765
1081,Chloris,Cadmar,Chloris.Cadmar@yopmail.com,Chloris.Cadmar@gmail.com,worker,3070
1082,Kirbee,Lumbard,Kirbee.Lumbard@yopmail.com,Kirbee.Lumbard@gmail.com,worker,2478
1083,Amara,Arathorn,Amara.Arathorn@yopmail.com,Amara.Arathorn@gmail.com,firefighter,1544
1084,Laurene,Atonsah,Laurene.Atonsah@yopmail.com,Laurene.Atonsah@gmail.com,worker,1089
1085,Sonni,Olin,Sonni.Olin@yopmail.com,Sonni.Olin@gmail.com,firefighter,3301
1086,Nita,Eliathas,Nita.Eliathas@yopmail.com,Nita.Eliathas@gmail.com,firefighter,2488
1087,Mara,Kendrick,Mara.Kendrick@yopmail.com,Mara.Kendrick@gmail.com,worker,3645
1088,Melodie,Cynar,Melodie.Cynar@yopmail.com,Melodie.Cynar@gmail.com,firefighter,1617
1089,Brynna,Othilia,Brynna.Othilia@yopmail.com,Brynna.Othilia@gmail.com,police officer,4658
1090,Ethel,Reneta,Ethel.Reneta@yopmail.com,Ethel.Reneta@gmail.com,police officer,4904
1091,Kaia,Cloris,Kaia.Cloris@yopmail.com,Kaia.Cloris@gmail.com,doctor,2729
1092,Fredericka,Jethro,Fredericka.Jethro@yopmail.com,Fredericka.Jethro@gmail.com,developer,4836
1093,Kore,Roarke,Kore.Roarke@yopmail.com,Kore.Roarke@gmail.com,doctor,1035
1094,Sophia,Douglass,Sophia.Douglass@yopmail.com,Sophia.Douglass@gmail.com,developer,4151
1095,Ebonee,Randene,Ebonee.Randene@yopmail.com,Ebonee.Randene@gmail.com,doctor,4185
1096,Elbertina,Millda,Elbertina.Millda@yopmail.com,Elbertina.Millda@gmail.com,doctor,4318
1097,Malina,Dahlia,Malina.Dahlia@yopmail.com,Malina.Dahlia@gmail.com,firefighter,3033
1098,Daphne,Bendick,Daphne.Bendick@yopmail.com,Daphne.Bendick@gmail.com,worker,1119
1099,Giustina,Uird,Giustina.Uird@yopmail.com,Giustina.Uird@gmail.com,doctor,4324